id,station_id,time,weather,temperature,pressure,humidity,wind_speed,wind_direction
3118024,shunyi_meo,2018-05-01 00:00:00,Sunny/clear,18.7,1011.3,58.0,2.7,359.0
3118025,hadian_meo,2018-05-01 00:00:00,Sunny/clear,19.8,1008.8,33.0,2.1,22.0
3118026,yanqing_meo,2018-05-01 00:00:00,Sleet,15.6,959.0,42.0,2.7,138.0
3118027,miyun_meo,2018-05-01 00:00:00,Hail,18.3,1006.9,38.0,4.0,40.0
3118028,huairou_meo,2018-05-01 00:00:00,Sleet,19.3,1005.8,34.0,6.5,43.0
3118029,shangdianzi_meo,2018-05-01 00:00:00,Sunny/clear,15.4,981.2,39.0,3.8,4.0
3118030,pinggu_meo,2018-05-01 00:00:00,Sunny/clear,17.0,1010.4,68.0,0.8,229.0
3118031,tongzhou_meo,2018-05-01 00:00:00,Sunny/clear,18.5,1011.8,64.0,2.5,353.0
3118032,chaoyang_meo,2018-05-01 00:00:00,Sleet,19.3,1010.4,41.0,2.5,9.0
3118033,pingchang_meo,2018-05-01 00:00:00,Sunny/clear,19.2,1006.1,33.0,2.3,332.0
3118034,zhaitang_meo,2018-05-01 00:00:00,Sunny/clear,16.2,963.8,61.0,1.1,116.0
3118035,mentougou_meo,2018-05-01 00:00:00,Sleet,19.4,1004.1,37.0,3.5,54.0
3118036,beijing_meo,2018-05-01 00:00:00,Hail,20.4,1010.4,35.0,3.5,25.0
3118037,shijingshan_meo,2018-05-01 00:00:00,Sleet,19.5,1006.8,37.0,2.7,3.0
3118038,fengtai_meo,2018-05-01 00:00:00,Sleet,20.7,1007.7,34.0,3.8,49.0
3118039,daxing_meo,2018-05-01 00:00:00,Sleet,20.8,1009.4,35.0,2.8,30.0
3118040,fangshan_meo,2018-05-01 00:00:00,Hail,19.7,1008.3,34.0,3.6,38.0
3118041,xiayunling_meo,2018-05-01 00:00:00,Sunny/clear,15.7,966.5,77.0,1.2,103.0
3119557,shunyi_meo,2018-05-01 01:00:00,Sunny/clear,19.6,1011.3,36.0,4.5,47.0
3119558,hadian_meo,2018-05-01 01:00:00,Sunny/clear,20.8,1009.1,31.0,1.9,25.0
3119559,yanqing_meo,2018-05-01 01:00:00,Sunny/clear,17.6,959.3,35.0,1.8,99.0
3119560,miyun_meo,2018-05-01 01:00:00,Hail,18.9,1006.9,32.0,4.8,21.0
3119561,huairou_meo,2018-05-01 01:00:00,Hail,19.0,1006.1,32.0,5.6,48.0
3119562,shangdianzi_meo,2018-05-01 01:00:00,Sunny/clear,15.1,981.0,41.0,6.6,15.0
3119563,pinggu_meo,2018-05-01 01:00:00,Sunny/clear,20.2,1010.2,32.0,4.5,349.0
3119564,tongzhou_meo,2018-05-01 01:00:00,Hail,20.4,1012.0,37.0,4.9,12.0
3119565,chaoyang_meo,2018-05-01 01:00:00,Hail,20.0,1010.7,47.0,3.6,49.0
3119566,pingchang_meo,2018-05-01 01:00:00,Sunny/clear,19.3,1006.3,31.0,4.7,323.0
3119567,zhaitang_meo,2018-05-01 01:00:00,Sunny/clear,19.4,963.5,34.0,1.3,112.0
3119568,mentougou_meo,2018-05-01 01:00:00,Hail,20.4,1004.3,32.0,6.3,65.0
3119569,beijing_meo,2018-05-01 01:00:00,Hail,20.8,1010.6,39.0,4.2,38.0
3119570,shijingshan_meo,2018-05-01 01:00:00,Hail,20.6,1007.0,31.0,3.8,359.0
3119571,fengtai_meo,2018-05-01 01:00:00,Sunny/clear,21.6,1007.9,28.0,4.0,45.0
3119572,daxing_meo,2018-05-01 01:00:00,Hail,21.8,1009.6,28.0,3.6,37.0
3119573,fangshan_meo,2018-05-01 01:00:00,Hail,21.1,1008.5,22.0,5.4,34.0
3119574,xiayunling_meo,2018-05-01 01:00:00,Sunny/clear,18.9,966.5,55.0,1.1,113.0
3121090,shunyi_meo,2018-05-01 02:00:00,Sunny/clear,21.0,1011.4,32.0,3.5,23.0
3121091,hadian_meo,2018-05-01 02:00:00,Sunny/clear,22.0,1009.1,28.0,2.3,17.0
3121092,yanqing_meo,2018-05-01 02:00:00,Sunny/clear,18.3,958.9,32.0,1.8,92.0
3121093,miyun_meo,2018-05-01 02:00:00,Sunny/clear,19.5,1006.9,32.0,4.8,45.0
3121094,huairou_meo,2018-05-01 02:00:00,Sunny/clear,20.5,1006.1,28.0,5.0,29.0
3121095,shangdianzi_meo,2018-05-01 02:00:00,Sunny/clear,16.0,981.5,41.0,2.4,344.0
3121096,pinggu_meo,2018-05-01 02:00:00,Sunny/clear,20.6,1010.4,31.0,3.1,319.0
3121097,tongzhou_meo,2018-05-01 02:00:00,Hail,21.1,1012.2,29.0,4.2,3.0
3121098,chaoyang_meo,2018-05-01 02:00:00,Hail,20.8,1010.8,32.0,2.7,44.0
3121099,pingchang_meo,2018-05-01 02:00:00,Sunny/clear,20.3,1006.2,28.0,3.9,342.0
3121100,zhaitang_meo,2018-05-01 02:00:00,Sunny/clear,20.2,963.1,30.0,3.9,16.0
3121101,mentougou_meo,2018-05-01 02:00:00,Sunny/clear,20.3,1004.6,32.0,1.4,28.0
3121102,beijing_meo,2018-05-01 02:00:00,Hail,20.9,1010.8,34.0,5.3,36.0
3121103,shijingshan_meo,2018-05-01 02:00:00,Sunny/clear,20.3,1007.1,29.0,4.5,39.0
3121104,fengtai_meo,2018-05-01 02:00:00,Sunny/clear,21.7,1008.1,29.0,3.1,40.0
3121105,daxing_meo,2018-05-01 02:00:00,Hail,21.8,1009.8,36.0,3.1,59.0
3121106,fangshan_meo,2018-05-01 02:00:00,Hail,21.4,1008.6,22.0,6.3,31.0
3121107,xiayunling_meo,2018-05-01 02:00:00,Sunny/clear,21.5,966.4,36.0,2.3,326.0
3122623,shunyi_meo,2018-05-01 03:00:00,Sunny/clear,21.6,1011.5,28.0,5.1,42.0
3122624,hadian_meo,2018-05-01 03:00:00,Sunny/clear,22.1,1009.1,27.0,2.9,11.0
3122625,yanqing_meo,2018-05-01 03:00:00,Sunny/clear,19.3,958.7,22.0,1.6,105.0
3122626,miyun_meo,2018-05-01 03:00:00,Sunny/clear,19.3,1007.1,34.0,3.0,24.0
3122627,huairou_meo,2018-05-01 03:00:00,Sunny/clear,20.6,1006.2,27.0,5.6,29.0
3122628,shangdianzi_meo,2018-05-01 03:00:00,Sunny/clear,16.7,981.5,41.0,1.8,54.0
3122629,pinggu_meo,2018-05-01 03:00:00,Sunny/clear,20.8,1010.4,30.0,4.7,339.0
3122630,tongzhou_meo,2018-05-01 03:00:00,Sunny/clear,20.7,1012.2,30.0,3.6,352.0
3122631,chaoyang_meo,2018-05-01 03:00:00,Sunny/clear,20.9,1010.6,30.0,3.6,57.0
3122632,pingchang_meo,2018-05-01 03:00:00,Sunny/clear,21.0,1006.1,26.0,2.6,334.0
3122633,zhaitang_meo,2018-05-01 03:00:00,Sunny/clear,19.6,963.4,30.0,4.1,58.0
3122634,mentougou_meo,2018-05-01 03:00:00,Sunny/clear,21.4,1004.5,29.0,3.7,64.0
3122635,beijing_meo,2018-05-01 03:00:00,Sleet,21.3,1010.9,29.0,4.5,42.0
3122636,shijingshan_meo,2018-05-01 03:00:00,Sunny/clear,21.3,1007.1,30.0,4.3,356.0
3122637,fengtai_meo,2018-05-01 03:00:00,Sunny/clear,22.5,1008.0,28.0,4.7,50.0
3122638,daxing_meo,2018-05-01 03:00:00,Hail,22.8,1009.8,32.0,2.7,45.0
3122639,fangshan_meo,2018-05-01 03:00:00,Sunny/clear,21.4,1008.7,22.0,4.5,50.0
3122640,xiayunling_meo,2018-05-01 03:00:00,Sunny/clear,21.5,966.4,40.0,2.9,206.0
3124156,shunyi_meo,2018-05-01 04:00:00,Sunny/clear,21.7,1011.4,30.0,3.5,32.0
3124157,hadian_meo,2018-05-01 04:00:00,Sunny/clear,23.6,1008.7,25.0,2.5,345.0
3124158,yanqing_meo,2018-05-01 04:00:00,Sunny/clear,20.6,958.3,23.0,1.2,7.0
3124159,miyun_meo,2018-05-01 04:00:00,Sunny/clear,19.6,1006.7,34.0,2.7,50.0
3124160,huairou_meo,2018-05-01 04:00:00,Sunny/clear,21.1,1005.8,29.0,4.4,55.0
3124161,shangdianzi_meo,2018-05-01 04:00:00,Sunny/clear,18.2,981.3,38.0,3.4,9.0
3124162,pinggu_meo,2018-05-01 04:00:00,Sunny/clear,20.4,1010.2,33.0,4.1,348.0
3124163,tongzhou_meo,2018-05-01 04:00:00,Sunny/clear,20.9,1011.7,30.0,4.5,15.0
3124164,chaoyang_meo,2018-05-01 04:00:00,Sunny/clear,22.2,1010.3,26.0,3.2,55.0
3124165,pingchang_meo,2018-05-01 04:00:00,Sunny/clear,22.1,1005.7,24.0,2.8,344.0
3124166,zhaitang_meo,2018-05-01 04:00:00,Sunny/clear,21.5,962.8,29.0,4.4,141.0
3124167,mentougou_meo,2018-05-01 04:00:00,Sunny/clear,21.7,1004.0,25.0,5.5,71.0
3124168,beijing_meo,2018-05-01 04:00:00,Hail,21.9,1010.3,26.0,3.6,36.0
3124169,shijingshan_meo,2018-05-01 04:00:00,Sunny/clear,21.5,1006.7,27.0,4.9,351.0
3124170,fengtai_meo,2018-05-01 04:00:00,Sunny/clear,23.8,1007.5,27.0,3.5,37.0
3124171,daxing_meo,2018-05-01 04:00:00,Hail,22.1,1009.5,31.0,4.2,49.0
3124172,fangshan_meo,2018-05-01 04:00:00,Sunny/clear,22.7,1008.0,19.0,5.5,56.0
3124173,xiayunling_meo,2018-05-01 04:00:00,Sunny/clear,22.3,965.8,34.0,2.1,300.0
3125689,shunyi_meo,2018-05-01 05:00:00,Sunny/clear,21.5,1010.7,30.0,5.3,50.0
3125690,hadian_meo,2018-05-01 05:00:00,Sunny/clear,23.6,1008.2,24.0,2.6,30.0
3125691,yanqing_meo,2018-05-01 05:00:00,Sunny/clear,20.0,957.5,27.0,3.9,330.0
3125692,miyun_meo,2018-05-01 05:00:00,Sunny/clear,20.1,1006.1,34.0,3.2,38.0
3125693,huairou_meo,2018-05-01 05:00:00,Sunny/clear,22.2,1005.3,28.0,3.6,69.0
3125694,shangdianzi_meo,2018-05-01 05:00:00,Sunny/clear,20.0,980.5,34.0,4.8,72.0
3125695,pinggu_meo,2018-05-01 05:00:00,Sunny/clear,22.1,1009.8,32.0,3.2,353.0
3125696,tongzhou_meo,2018-05-01 05:00:00,Sunny/clear,22.0,1011.4,29.0,4.6,360.0
3125697,chaoyang_meo,2018-05-01 05:00:00,Sunny/clear,21.9,1010.0,30.0,4.3,48.0
3125698,pingchang_meo,2018-05-01 05:00:00,Sunny/clear,22.9,1004.8,23.0,0.9,176.0
3125699,zhaitang_meo,2018-05-01 05:00:00,Sunny/clear,21.8,962.0,24.0,4.1,39.0
3125700,mentougou_meo,2018-05-01 05:00:00,Sunny/clear,22.1,1003.4,26.0,4.8,75.0
3125701,beijing_meo,2018-05-01 05:00:00,Sunny/clear,21.9,1009.6,26.0,7.1,64.0
3125702,shijingshan_meo,2018-05-01 05:00:00,Sunny/clear,22.9,1006.0,23.0,5.1,16.0
3125703,fengtai_meo,2018-05-01 05:00:00,Sunny/clear,23.2,1007.0,24.0,4.0,59.0
3125704,daxing_meo,2018-05-01 05:00:00,Sunny/clear,23.5,1008.8,26.0,5.1,68.0
3125705,fangshan_meo,2018-05-01 05:00:00,Sunny/clear,22.8,1007.6,18.0,4.9,40.0
3125706,xiayunling_meo,2018-05-01 05:00:00,Sunny/clear,22.1,965.3,34.0,3.4,158.0
3127222,shunyi_meo,2018-05-01 06:00:00,Sunny/clear,21.5,1010.0,31.0,4.0,37.0
3127223,hadian_meo,2018-05-01 06:00:00,Sunny/clear,23.8,1007.3,24.0,2.6,38.0
3127224,yanqing_meo,2018-05-01 06:00:00,Sunny/clear,19.9,957.1,30.0,2.8,318.0
3127225,miyun_meo,2018-05-01 06:00:00,Sunny/clear,20.9,1005.4,32.0,2.9,39.0
3127226,huairou_meo,2018-05-01 06:00:00,Sunny/clear,22.4,1004.5,29.0,3.6,92.0
3127227,shangdianzi_meo,2018-05-01 06:00:00,Sunny/clear,20.9,979.7,29.0,3.9,85.0
3127228,pinggu_meo,2018-05-01 06:00:00,Sunny/clear,22.8,1009.2,32.0,3.0,319.0
3127229,tongzhou_meo,2018-05-01 06:00:00,Sunny/clear,22.6,1010.7,31.0,2.6,356.0
3127230,chaoyang_meo,2018-05-01 06:00:00,Sunny/clear,21.5,1009.3,30.0,4.5,65.0
3127231,pingchang_meo,2018-05-01 06:00:00,Sunny/clear,23.1,1004.1,24.0,1.9,70.0
3127232,zhaitang_meo,2018-05-01 06:00:00,Sunny/clear,21.0,961.7,26.0,4.6,344.0
3127233,mentougou_meo,2018-05-01 06:00:00,Sunny/clear,22.3,1002.7,26.0,4.4,71.0
3127234,beijing_meo,2018-05-01 06:00:00,Sunny/clear,22.0,1009.2,24.0,6.6,46.0
3127235,shijingshan_meo,2018-05-01 06:00:00,Sunny/clear,22.5,1005.3,24.0,3.7,44.0
3127236,fengtai_meo,2018-05-01 06:00:00,Sunny/clear,23.7,1006.2,24.0,4.0,84.0
3127237,daxing_meo,2018-05-01 06:00:00,Sunny/clear,23.0,1008.2,24.0,5.4,54.0
3127238,fangshan_meo,2018-05-01 06:00:00,Sunny/clear,23.4,1006.8,18.0,4.3,56.0
3127239,xiayunling_meo,2018-05-01 06:00:00,Rain,20.2,964.9,35.0,2.3,190.0
3128755,shunyi_meo,2018-05-01 07:00:00,Sunny/clear,21.3,1009.9,31.0,3.3,71.0
3128756,hadian_meo,2018-05-01 07:00:00,Sunny/clear,21.6,1007.4,28.0,3.0,35.0
3128757,yanqing_meo,2018-05-01 07:00:00,Sunny/clear,19.3,956.8,28.0,2.8,275.0
3128758,miyun_meo,2018-05-01 07:00:00,Sunny/clear,21.3,1004.8,31.0,2.0,62.0
3128759,huairou_meo,2018-05-01 07:00:00,Sunny/clear,21.6,1004.0,30.0,3.2,93.0
3128760,shangdianzi_meo,2018-05-01 07:00:00,Sunny/clear,20.6,979.1,30.0,3.7,24.0
3128761,pinggu_meo,2018-05-01 07:00:00,Sunny/clear,22.0,1008.8,33.0,3.1,347.0
3128762,tongzhou_meo,2018-05-01 07:00:00,Sunny/clear,22.2,1010.4,34.0,1.7,24.0
3128763,chaoyang_meo,2018-05-01 07:00:00,Sunny/clear,20.8,1009.2,30.0,4.0,56.0
3128764,pingchang_meo,2018-05-01 07:00:00,Sunny/clear,22.1,1003.9,28.0,2.1,115.0
3128765,zhaitang_meo,2018-05-01 07:00:00,Sunny/clear,16.9,962.8,47.0,6.2,185.0
3128766,mentougou_meo,2018-05-01 07:00:00,Sunny/clear,21.4,1002.9,26.0,2.6,77.0
3128767,beijing_meo,2018-05-01 07:00:00,Sunny/clear,21.2,1009.3,27.0,4.7,36.0
3128768,shijingshan_meo,2018-05-01 07:00:00,Sunny/clear,21.3,1005.5,26.0,4.2,58.0
3128769,fengtai_meo,2018-05-01 07:00:00,Sunny/clear,21.9,1006.3,30.0,3.2,70.0
3128770,daxing_meo,2018-05-01 07:00:00,Sunny/clear,21.1,1008.2,29.0,2.9,55.0
3128771,fangshan_meo,2018-05-01 07:00:00,Sunny/clear,21.5,1007.0,18.0,4.5,63.0
3128772,xiayunling_meo,2018-05-01 07:00:00,Sunny/clear,18.3,966.2,48.0,2.5,142.0
3130288,shunyi_meo,2018-05-01 08:00:00,Sunny/clear,21.4,1010.0,31.0,1.7,120.0
3130289,hadian_meo,2018-05-01 08:00:00,Sunny/clear,21.2,1008.2,31.0,1.3,47.0
3130290,yanqing_meo,2018-05-01 08:00:00,Sunny/clear,18.0,957.7,31.0,1.9,206.0
3130291,miyun_meo,2018-05-01 08:00:00,Sunny/clear,20.7,1004.8,44.0,0.3,107.0
3130292,huairou_meo,2018-05-01 08:00:00,Sunny/clear,21.1,1004.4,32.0,1.7,138.0
3130293,shangdianzi_meo,2018-05-01 08:00:00,Sunny/clear,19.9,979.3,29.0,4.5,19.0
3130294,pinggu_meo,2018-05-01 08:00:00,Sunny/clear,18.1,1010.0,55.0,3.4,309.0
3130295,tongzhou_meo,2018-05-01 08:00:00,Sunny/clear,20.2,1011.5,41.0,3.0,348.0
3130296,chaoyang_meo,2018-05-01 08:00:00,Sunny/clear,19.8,1010.0,38.0,1.0,69.0
3130297,pingchang_meo,2018-05-01 08:00:00,Sunny/clear,21.1,1004.9,29.0,3.8,108.0
3130298,zhaitang_meo,2018-05-01 08:00:00,Sunny/clear,15.4,964.0,50.0,2.6,263.0
3130299,mentougou_meo,2018-05-01 08:00:00,Sunny/clear,20.4,1004.1,33.0,1.0,348.0
3130300,beijing_meo,2018-05-01 08:00:00,Sunny/clear,18.5,1011.0,49.0,2.8,332.0
3130301,shijingshan_meo,2018-05-01 08:00:00,Rain,20.8,1006.4,30.0,1.8,332.0
3130302,fengtai_meo,2018-05-01 08:00:00,Sunny/clear,20.6,1007.5,33.0,4.2,79.0
3130303,daxing_meo,2018-05-01 08:00:00,Sunny/clear,18.1,1010.2,49.0,1.7,52.0
3130304,fangshan_meo,2018-05-01 08:00:00,Sunny/clear,18.6,1008.5,36.0,1.7,138.0
3130305,xiayunling_meo,2018-05-01 08:00:00,Sunny/clear,13.8,967.8,83.0,2.1,120.0
3131821,shunyi_meo,2018-05-01 09:00:00,Sunny/clear,20.1,1010.8,43.0,3.1,159.0
3131822,hadian_meo,2018-05-01 09:00:00,Sunny/clear,20.2,1009.1,37.0,0.9,174.0
3131823,yanqing_meo,2018-05-01 09:00:00,Sunny/clear,16.8,958.0,33.0,3.0,183.0
3131824,miyun_meo,2018-05-01 09:00:00,Overcast,20.9,1005.0,31.0,1.6,155.0
3131825,huairou_meo,2018-05-01 09:00:00,Sunny/clear,20.9,1004.8,31.0,3.9,275.0
3131826,shangdianzi_meo,2018-05-01 09:00:00,Sunny/clear,19.6,979.5,30.0,1.8,348.0
3131827,pinggu_meo,2018-05-01 09:00:00,Sunny/clear,16.2,1010.5,73.0,2.6,109.0
3131828,tongzhou_meo,2018-05-01 09:00:00,Sunny/clear,15.7,1012.0,79.0,3.8,120.0
3131829,chaoyang_meo,2018-05-01 09:00:00,Sunny/clear,18.9,1010.4,44.0,1.6,216.0
3131830,pingchang_meo,2018-05-01 09:00:00,Sunny/clear,19.4,1006.3,38.0,1.8,290.0
3131831,zhaitang_meo,2018-05-01 09:00:00,Sunny/clear,13.1,964.6,64.0,3.4,221.0
3131832,mentougou_meo,2018-05-01 09:00:00,Sunny/clear,18.9,1005.1,43.0,3.3,242.0
3131833,beijing_meo,2018-05-01 09:00:00,Rain,17.3,1010.8,60.0,2.1,197.0
3131834,shijingshan_meo,2018-05-01 09:00:00,Sunny/clear,20.0,1007.3,35.0,3.2,193.0
3131835,fengtai_meo,2018-05-01 09:00:00,Sunny/clear,19.6,1008.6,40.0,2.2,247.0
3131836,daxing_meo,2018-05-01 09:00:00,Sunny/clear,16.2,1010.5,67.0,2.1,212.0
3131837,fangshan_meo,2018-05-01 09:00:00,Sunny/clear,16.6,1009.7,54.0,2.7,231.0
3131838,xiayunling_meo,2018-05-01 09:00:00,Sunny/clear,12.8,968.6,87.0,0.6,8.0
3133354,shunyi_meo,2018-05-01 10:00:00,Sunny/clear,19.4,1011.3,44.0,1.7,249.0
3133355,hadian_meo,2018-05-01 10:00:00,Sunny/clear,18.0,1009.4,50.0,3.6,218.0
3133356,yanqing_meo,2018-05-01 10:00:00,Sunny/clear,16.2,958.2,38.0,1.7,93.0
3133357,miyun_meo,2018-05-01 10:00:00,Sunny/clear,19.4,1005.8,43.0,2.5,160.0
3133358,huairou_meo,2018-05-01 10:00:00,Sunny/clear,20.2,1005.4,37.0,2.7,287.0
3133359,shangdianzi_meo,2018-05-01 10:00:00,Sunny/clear,19.0,979.5,32.0,3.3,21.0
3133360,pinggu_meo,2018-05-01 10:00:00,Sunny/clear,16.6,1011.0,67.0,3.0,128.0
3133361,tongzhou_meo,2018-05-01 10:00:00,Sunny/clear,15.2,1012.7,78.0,2.9,112.0
3133362,chaoyang_meo,2018-05-01 10:00:00,Sunny/clear,18.9,1010.9,45.0,1.3,194.0
3133363,pingchang_meo,2018-05-01 10:00:00,Sunny/clear,18.8,1005.9,39.0,3.2,277.0
3133364,zhaitang_meo,2018-05-01 10:00:00,Sunny/clear,12.4,964.8,69.0,4.3,226.0
3133365,mentougou_meo,2018-05-01 10:00:00,Sunny/clear,15.9,1005.1,71.0,3.8,220.0
3133366,beijing_meo,2018-05-01 10:00:00,Sunny/clear,16.6,1011.6,58.0,4.1,262.0
3133367,shijingshan_meo,2018-05-01 10:00:00,Rain,17.6,1007.5,52.0,2.6,195.0
3133368,fengtai_meo,2018-05-01 10:00:00,Sunny/clear,16.9,1008.9,61.0,1.9,226.0
3133369,daxing_meo,2018-05-01 10:00:00,Sunny/clear,15.4,1010.9,70.0,3.3,257.0
3133370,fangshan_meo,2018-05-01 10:00:00,Sunny/clear,15.3,1009.6,62.0,2.1,239.0
3133371,xiayunling_meo,2018-05-01 10:00:00,Sunny/clear,11.8,968.6,87.0,2.1,142.0
3134887,shunyi_meo,2018-05-01 11:00:00,Sunny/clear,17.9,1012.3,57.0,3.3,170.0
3134888,hadian_meo,2018-05-01 11:00:00,Sunny/clear,16.8,1010.1,62.0,0.8,193.0
3134889,yanqing_meo,2018-05-01 11:00:00,Sunny/clear,15.5,958.9,41.0,4.0,61.0
3134890,miyun_meo,2018-05-01 11:00:00,Sunny/clear,18.8,1006.3,46.0,1.8,276.0
3134891,huairou_meo,2018-05-01 11:00:00,Sunny/clear,19.0,1006.2,41.0,3.5,177.0
3134892,shangdianzi_meo,2018-05-01 11:00:00,Sunny/clear,18.4,980.7,33.0,2.0,354.0
3134893,pinggu_meo,2018-05-01 11:00:00,Sunny/clear,16.0,1011.7,73.0,1.4,158.0
3134894,tongzhou_meo,2018-05-01 11:00:00,Sunny/clear,15.2,1014.0,78.0,2.5,182.0
3134895,chaoyang_meo,2018-05-01 11:00:00,Sunny/clear,17.4,1011.5,54.0,2.2,236.0
3134896,pingchang_meo,2018-05-01 11:00:00,Sunny/clear,17.7,1006.8,47.0,3.7,271.0
3134897,zhaitang_meo,2018-05-01 11:00:00,Sunny/clear,11.9,964.7,72.0,0.8,170.0
3134898,mentougou_meo,2018-05-01 11:00:00,Sunny/clear,16.6,1005.8,50.0,3.4,310.0
3134899,beijing_meo,2018-05-01 11:00:00,Sunny/clear,16.2,1012.4,62.0,2.1,170.0
3134900,shijingshan_meo,2018-05-01 11:00:00,Rain,17.2,1008.2,49.0,3.6,292.0
3134901,fengtai_meo,2018-05-01 11:00:00,Sunny/clear,16.5,1009.4,68.0,1.3,233.0
3134902,daxing_meo,2018-05-01 11:00:00,Sunny/clear,15.3,1011.6,76.0,1.8,207.0
3134903,fangshan_meo,2018-05-01 11:00:00,Sunny/clear,15.2,1010.1,64.0,2.5,252.0
3134904,xiayunling_meo,2018-05-01 11:00:00,Sunny/clear,11.2,968.3,88.0,1.5,97.0
3136420,shunyi_meo,2018-05-01 12:00:00,Rain,15.7,1012.8,77.0,3.1,178.0
3136421,hadian_meo,2018-05-01 12:00:00,Sleet,15.6,1010.4,77.0,0.6,171.0
3136422,yanqing_meo,2018-05-01 12:00:00,Sunny/clear,14.4,958.8,45.0,0.9,262.0
3136423,miyun_meo,2018-05-01 12:00:00,Rain,17.1,1008.0,60.0,0.9,185.0
3136424,huairou_meo,2018-05-01 12:00:00,Sunny/clear,16.8,1007.2,62.0,2.9,194.0
3136425,shangdianzi_meo,2018-05-01 12:00:00,Rain,14.4,982.6,61.0,2.2,78.0
3136426,pinggu_meo,2018-05-01 12:00:00,Rain,15.9,1013.0,72.0,1.8,281.0
3136427,tongzhou_meo,2018-05-01 12:00:00,Sleet,13.9,1014.6,90.0,2.3,112.0
3136428,chaoyang_meo,2018-05-01 12:00:00,Sleet,16.6,1012.3,59.0,2.2,141.0
3136429,pingchang_meo,2018-05-01 12:00:00,Overcast,16.2,1006.0,56.0,2.5,195.0
3136430,zhaitang_meo,2018-05-01 12:00:00,Sunny/clear,11.4,965.1,82.0,1.4,280.0
3136431,mentougou_meo,2018-05-01 12:00:00,Rain,15.0,1006.0,69.0,1.4,350.0
3136432,beijing_meo,2018-05-01 12:00:00,Sunny/clear,15.3,1012.7,70.0,2.5,156.0
3136433,shijingshan_meo,2018-05-01 12:00:00,Rain,14.5,1008.4,75.0,0.0,999017.0
3136434,fengtai_meo,2018-05-01 12:00:00,Rain,15.2,1009.5,86.0,0.0,999017.0
3136435,daxing_meo,2018-05-01 12:00:00,Sleet,14.3,1011.6,85.0,1.8,119.0
3136436,fangshan_meo,2018-05-01 12:00:00,Sleet,13.8,1010.3,77.0,0.1,999017.0
3136437,xiayunling_meo,2018-05-01 12:00:00,Overcast,11.0,968.5,91.0,0.6,27.0
3137953,shunyi_meo,2018-05-01 13:00:00,Sunny/clear,15.4,1013.6,75.0,2.4,97.0
3137954,hadian_meo,2018-05-01 13:00:00,Sunny/clear,15.6,1010.5,70.0,1.5,137.0
3137955,yanqing_meo,2018-05-01 13:00:00,Sunny/clear,13.5,959.9,50.0,0.7,58.0
3137956,miyun_meo,2018-05-01 13:00:00,Sunny/clear,15.1,1008.9,72.0,2.2,54.0
3137957,huairou_meo,2018-05-01 13:00:00,Sunny/clear,15.8,1008.2,71.0,1.1,85.0
3137958,shangdianzi_meo,2018-05-01 13:00:00,Sunny/clear,13.5,982.2,63.0,2.5,266.0
3137959,pinggu_meo,2018-05-01 13:00:00,Sunny/clear,14.7,1013.0,84.0,2.2,207.0
3137960,tongzhou_meo,2018-05-01 13:00:00,Cloudy,13.7,1014.3,92.0,1.5,110.0
3137961,chaoyang_meo,2018-05-01 13:00:00,Sunny/clear,15.2,1012.2,76.0,1.4,201.0
3137962,pingchang_meo,2018-05-01 13:00:00,Sunny/clear,16.3,1007.6,55.0,2.1,57.0
3137963,zhaitang_meo,2018-05-01 13:00:00,Sunny/clear,10.7,965.6,83.0,1.6,222.0
3137964,mentougou_meo,2018-05-01 13:00:00,Sunny/clear,14.3,1006.2,76.0,0.6,200.0
3137965,beijing_meo,2018-05-01 13:00:00,Sunny/clear,14.9,1012.6,80.0,2.0,176.0
3137966,shijingshan_meo,2018-05-01 13:00:00,Sunny/clear,14.8,1008.6,71.0,1.3,172.0
3137967,fengtai_meo,2018-05-01 13:00:00,Sunny/clear,15.4,1009.6,79.0,2.2,132.0
3137968,daxing_meo,2018-05-01 13:00:00,Sunny/clear,14.2,1012.2,84.0,2.9,124.0
3137969,fangshan_meo,2018-05-01 13:00:00,Sunny/clear,13.6,1010.6,83.0,2.4,130.0
3137970,xiayunling_meo,2018-05-01 13:00:00,Sunny/clear,10.4,969.1,91.0,0.7,179.0
3139486,shunyi_meo,2018-05-01 14:00:00,Sunny/clear,14.9,1013.6,81.0,2.2,171.0
3139487,hadian_meo,2018-05-01 14:00:00,Sunny/clear,15.2,1011.6,75.0,0.1,999017.0
3139488,yanqing_meo,2018-05-01 14:00:00,Sunny/clear,12.5,960.4,53.0,1.2,54.0
3139489,miyun_meo,2018-05-01 14:00:00,Sunny/clear,15.0,1007.8,69.0,1.2,284.0
3139490,huairou_meo,2018-05-01 14:00:00,Sunny/clear,14.9,1007.9,74.0,1.4,270.0
3139491,shangdianzi_meo,2018-05-01 14:00:00,Sunny/clear,12.2,982.1,72.0,0.8,261.0
3139492,pinggu_meo,2018-05-01 14:00:00,Sunny/clear,14.3,1012.6,86.0,1.2,262.0
3139493,tongzhou_meo,2018-05-01 14:00:00,Cloudy,13.7,1014.7,93.0,1.7,319.0
3139494,chaoyang_meo,2018-05-01 14:00:00,Sunny/clear,14.9,1013.4,81.0,0.9,42.0
3139495,pingchang_meo,2018-05-01 14:00:00,Sunny/clear,16.1,1008.1,63.0,2.2,129.0
3139496,zhaitang_meo,2018-05-01 14:00:00,Sunny/clear,9.6,965.8,84.0,0.2,999017.0
3139497,mentougou_meo,2018-05-01 14:00:00,Sunny/clear,14.1,1007.2,81.0,1.1,132.0
3139498,beijing_meo,2018-05-01 14:00:00,Sunny/clear,14.8,1013.4,82.0,2.2,64.0
3139499,shijingshan_meo,2018-05-01 14:00:00,Sunny/clear,14.9,1009.6,74.0,0.8,127.0
3139500,fengtai_meo,2018-05-01 14:00:00,Sunny/clear,14.7,1010.6,82.0,0.0,999017.0
3139501,daxing_meo,2018-05-01 14:00:00,Sunny/clear,14.0,1012.6,88.0,0.8,91.0
3139502,fangshan_meo,2018-05-01 14:00:00,Sunny/clear,13.5,1011.4,75.0,0.9,315.0
3139503,xiayunling_meo,2018-05-01 14:00:00,Sunny/clear,9.6,969.2,93.0,1.0,167.0
3141019,shunyi_meo,2018-05-01 15:00:00,Sunny/clear,14.8,1013.4,80.0,1.8,298.0
3141020,hadian_meo,2018-05-01 15:00:00,Sunny/clear,15.0,1011.9,77.0,1.4,240.0
3141021,yanqing_meo,2018-05-01 15:00:00,Sunny/clear,12.2,960.3,53.0,1.0,132.0
3141022,miyun_meo,2018-05-01 15:00:00,Sunny/clear,13.2,1008.4,79.0,0.3,87.0
3141023,huairou_meo,2018-05-01 15:00:00,Sunny/clear,14.3,1007.8,78.0,2.1,285.0
3141024,shangdianzi_meo,2018-05-01 15:00:00,Sunny/clear,10.8,982.3,79.0,0.6,230.0
3141025,pinggu_meo,2018-05-01 15:00:00,Sunny/clear,13.6,1012.6,92.0,1.2,47.0
3141026,tongzhou_meo,2018-05-01 15:00:00,Cloudy,13.8,1013.9,92.0,0.6,208.0
3141027,chaoyang_meo,2018-05-01 15:00:00,Sunny/clear,15.0,1012.6,80.0,1.8,269.0
3141028,pingchang_meo,2018-05-01 15:00:00,Sunny/clear,15.2,1008.7,72.0,1.0,201.0
3141029,zhaitang_meo,2018-05-01 15:00:00,Sunny/clear,9.2,966.6,86.0,1.1,233.0
3141030,mentougou_meo,2018-05-01 15:00:00,Sunny/clear,13.8,1007.8,83.0,1.9,240.0
3141031,beijing_meo,2018-05-01 15:00:00,Hail,14.5,1013.0,83.0,3.2,256.0
3141032,shijingshan_meo,2018-05-01 15:00:00,Sunny/clear,14.9,1010.2,73.0,0.6,222.0
3141033,fengtai_meo,2018-05-01 15:00:00,Sunny/clear,14.7,1011.2,83.0,1.2,259.0
3141034,daxing_meo,2018-05-01 15:00:00,Cloudy,14.1,1012.8,88.0,1.3,244.0
3141035,fangshan_meo,2018-05-01 15:00:00,Sunny/clear,12.9,1012.0,83.0,0.9,239.0
3141036,xiayunling_meo,2018-05-01 15:00:00,Sunny/clear,9.4,970.0,94.0,1.0,190.0
3142552,shunyi_meo,2018-05-01 16:00:00,Sunny/clear,14.7,1013.8,79.0,1.4,294.0
3142553,hadian_meo,2018-05-01 16:00:00,Sunny/clear,14.8,1011.6,73.0,1.3,250.0
3142554,yanqing_meo,2018-05-01 16:00:00,Sunny/clear,11.3,960.7,57.0,1.3,230.0
3142555,miyun_meo,2018-05-01 16:00:00,Sunny/clear,11.2,1008.7,90.0,0.6,117.0
3142556,huairou_meo,2018-05-01 16:00:00,Sunny/clear,13.7,1008.0,80.0,2.8,221.0
3142557,shangdianzi_meo,2018-05-01 16:00:00,Sunny/clear,9.3,982.6,86.0,0.3,138.0
3142558,pinggu_meo,2018-05-01 16:00:00,Sunny/clear,13.3,1013.0,79.0,2.0,281.0
3142559,tongzhou_meo,2018-05-01 16:00:00,Cloudy,13.9,1014.4,90.0,1.8,302.0
3142560,chaoyang_meo,2018-05-01 16:00:00,Sunny/clear,15.6,1013.0,72.0,1.4,283.0
3142561,pingchang_meo,2018-05-01 16:00:00,Sunny/clear,14.1,1008.4,64.0,0.7,317.0
3142562,zhaitang_meo,2018-05-01 16:00:00,Sunny/clear,9.2,966.6,85.0,2.6,252.0
3142563,mentougou_meo,2018-05-01 16:00:00,Sunny/clear,13.7,1007.1,82.0,1.0,295.0
3142564,beijing_meo,2018-05-01 16:00:00,Hail,14.7,1013.2,81.0,2.8,281.0
3142565,shijingshan_meo,2018-05-01 16:00:00,Sunny/clear,14.6,1009.5,70.0,0.7,248.0
3142566,fengtai_meo,2018-05-01 16:00:00,Sunny/clear,14.6,1010.6,81.0,1.6,280.0
3142567,daxing_meo,2018-05-01 16:00:00,Sunny/clear,14.2,1012.5,84.0,2.2,286.0
3142568,fangshan_meo,2018-05-01 16:00:00,Sunny/clear,13.4,1011.3,78.0,2.1,311.0
3142569,xiayunling_meo,2018-05-01 16:00:00,Sunny/clear,9.5,969.9,94.0,0.2,999017.0
3144085,shunyi_meo,2018-05-01 17:00:00,Sunny/clear,14.6,1013.6,79.0,1.1,304.0
3144086,hadian_meo,2018-05-01 17:00:00,Sunny/clear,14.2,1011.6,76.0,1.2,357.0
3144087,yanqing_meo,2018-05-01 17:00:00,Sunny/clear,11.1,961.0,61.0,1.2,236.0
3144088,miyun_meo,2018-05-01 17:00:00,Sunny/clear,11.3,1008.9,91.0,1.6,59.0
3144089,huairou_meo,2018-05-01 17:00:00,Sunny/clear,13.1,1008.1,81.0,0.0,999017.0
3144090,shangdianzi_meo,2018-05-01 17:00:00,Sunny/clear,8.4,982.8,88.0,0.4,84.0
3144091,pinggu_meo,2018-05-01 17:00:00,Sunny/clear,12.4,1013.0,82.0,0.7,44.0
3144092,tongzhou_meo,2018-05-01 17:00:00,Cloudy,13.6,1014.3,89.0,1.7,308.0
3144093,chaoyang_meo,2018-05-01 17:00:00,Sunny/clear,15.7,1012.9,71.0,1.5,282.0
3144094,pingchang_meo,2018-05-01 17:00:00,Sunny/clear,13.3,1008.5,61.0,1.1,328.0
3144095,zhaitang_meo,2018-05-01 17:00:00,Sunny/clear,9.2,966.8,83.0,1.9,253.0
3144096,mentougou_meo,2018-05-01 17:00:00,Sunny/clear,13.4,1007.2,69.0,3.2,326.0
3144097,beijing_meo,2018-05-01 17:00:00,Sunny/clear,14.5,1013.2,79.0,1.4,276.0
3144098,shijingshan_meo,2018-05-01 17:00:00,Sunny/clear,14.1,1009.7,67.0,1.3,303.0
3144099,fengtai_meo,2018-05-01 17:00:00,Sunny/clear,14.3,1010.6,83.0,1.1,264.0
3144100,daxing_meo,2018-05-01 17:00:00,Sunny/clear,14.3,1012.6,83.0,2.3,272.0
3144101,fangshan_meo,2018-05-01 17:00:00,Sunny/clear,13.0,1011.6,76.0,1.5,286.0
3144102,xiayunling_meo,2018-05-01 17:00:00,Sunny/clear,9.4,969.9,94.0,0.3,243.0
3145618,shunyi_meo,2018-05-01 18:00:00,Sunny/clear,14.1,1013.5,80.0,0.7,351.0
3145619,hadian_meo,2018-05-01 18:00:00,Sunny/clear,13.9,1011.3,73.0,1.0,36.0
3145620,yanqing_meo,2018-05-01 18:00:00,Sunny/clear,10.4,961.1,63.0,0.7,205.0
3145621,miyun_meo,2018-05-01 18:00:00,Sunny/clear,11.1,1008.9,90.0,1.3,53.0
3145622,huairou_meo,2018-05-01 18:00:00,Sunny/clear,13.0,1008.2,78.0,2.1,41.0
3145623,shangdianzi_meo,2018-05-01 18:00:00,Sunny/clear,9.0,982.9,80.0,1.0,57.0
3145624,pinggu_meo,2018-05-01 18:00:00,Sunny/clear,11.7,1013.0,92.0,1.3,81.0
3145625,tongzhou_meo,2018-05-01 18:00:00,Sunny/clear,13.9,1014.0,87.0,1.7,311.0
3145626,chaoyang_meo,2018-05-01 18:00:00,Sunny/clear,15.5,1012.6,71.0,1.6,300.0
3145627,pingchang_meo,2018-05-01 18:00:00,Sunny/clear,13.3,1008.2,61.0,1.5,335.0
3145628,zhaitang_meo,2018-05-01 18:00:00,Sunny/clear,8.3,966.8,90.0,0.6,233.0
3145629,mentougou_meo,2018-05-01 18:00:00,Sunny/clear,13.8,1006.8,63.0,2.6,325.0
3145630,beijing_meo,2018-05-01 18:00:00,Sunny/clear,14.7,1012.8,74.0,1.2,323.0
3145631,shijingshan_meo,2018-05-01 18:00:00,Sunny/clear,12.6,1009.3,76.0,0.7,78.0
3145632,fengtai_meo,2018-05-01 18:00:00,Sunny/clear,14.5,1010.3,65.0,1.1,302.0
3145633,daxing_meo,2018-05-01 18:00:00,Sunny/clear,14.4,1012.1,77.0,1.8,301.0
3145634,fangshan_meo,2018-05-01 18:00:00,Sunny/clear,12.5,1011.1,76.0,1.7,307.0
3145635,xiayunling_meo,2018-05-01 18:00:00,Sunny/clear,9.1,969.9,94.0,0.7,156.0
3147151,shunyi_meo,2018-05-01 19:00:00,Sunny/clear,13.7,1013.7,80.0,2.4,15.0
3147152,hadian_meo,2018-05-01 19:00:00,Sunny/clear,13.3,1011.5,74.0,1.0,44.0
3147153,yanqing_meo,2018-05-01 19:00:00,Sunny/clear,10.1,961.2,66.0,1.1,165.0
3147154,miyun_meo,2018-05-01 19:00:00,Sunny/clear,10.0,1008.9,94.0,1.2,91.0
3147155,huairou_meo,2018-05-01 19:00:00,Sunny/clear,11.6,1008.2,84.0,0.5,112.0
3147156,shangdianzi_meo,2018-05-01 19:00:00,Sunny/clear,8.9,983.0,78.0,2.8,47.0
3147157,pinggu_meo,2018-05-01 19:00:00,Sunny/clear,11.1,1013.0,94.0,0.9,96.0
3147158,tongzhou_meo,2018-05-01 19:00:00,Sunny/clear,14.3,1014.2,81.0,2.5,344.0
3147159,chaoyang_meo,2018-05-01 19:00:00,Sunny/clear,15.6,1012.9,58.0,1.9,306.0
3147160,pingchang_meo,2018-05-01 19:00:00,Sunny/clear,13.5,1008.4,58.0,1.9,354.0
3147161,zhaitang_meo,2018-05-01 19:00:00,Sunny/clear,7.9,966.9,90.0,0.7,249.0
3147162,mentougou_meo,2018-05-01 19:00:00,Sunny/clear,14.1,1007.1,58.0,3.9,341.0
3147163,beijing_meo,2018-05-01 19:00:00,Sunny/clear,14.8,1013.0,68.0,1.2,323.0
3147164,shijingshan_meo,2018-05-01 19:00:00,Sunny/clear,11.4,1009.5,83.0,0.5,338.0
3147165,fengtai_meo,2018-05-01 19:00:00,Sunny/clear,12.7,1010.5,78.0,0.6,297.0
3147166,daxing_meo,2018-05-01 19:00:00,Sunny/clear,14.2,1012.3,78.0,1.0,287.0
3147167,fangshan_meo,2018-05-01 19:00:00,Sunny/clear,11.7,1011.3,81.0,1.0,269.0
3147168,xiayunling_meo,2018-05-01 19:00:00,Sunny/clear,8.8,970.1,94.0,0.1,999017.0
3148684,shunyi_meo,2018-05-01 20:00:00,Sunny/clear,12.2,1013.8,85.0,1.9,30.0
3148685,hadian_meo,2018-05-01 20:00:00,Sunny/clear,11.8,1011.5,79.0,0.2,999017.0
3148686,yanqing_meo,2018-05-01 20:00:00,Sunny/clear,10.5,961.3,60.0,0.8,199.0
3148687,miyun_meo,2018-05-01 20:00:00,Sunny/clear,9.6,1009.0,95.0,1.5,85.0
3148688,huairou_meo,2018-05-01 20:00:00,Sunny/clear,10.5,1008.4,87.0,1.2,90.0
3148689,shangdianzi_meo,2018-05-01 20:00:00,Sunny/clear,9.0,983.0,73.0,3.5,38.0
3148690,pinggu_meo,2018-05-01 20:00:00,Sunny/clear,9.9,1013.1,96.0,0.0,999017.0
3148691,tongzhou_meo,2018-05-01 20:00:00,Sunny/clear,14.0,1014.3,76.0,2.7,337.0
3148692,chaoyang_meo,2018-05-01 20:00:00,Sunny/clear,13.3,1013.0,69.0,1.0,56.0
3148693,pingchang_meo,2018-05-01 20:00:00,Sunny/clear,15.4,1008.4,39.0,1.5,38.0
3148694,zhaitang_meo,2018-05-01 20:00:00,Sunny/clear,7.5,966.9,89.0,0.0,999017.0
3148695,mentougou_meo,2018-05-01 20:00:00,Sunny/clear,13.9,1007.1,57.0,2.5,350.0
3148696,beijing_meo,2018-05-01 20:00:00,Sunny/clear,15.3,1013.0,54.0,2.1,360.0
3148697,shijingshan_meo,2018-05-01 20:00:00,Sunny/clear,10.8,1009.5,87.0,0.4,167.0
3148698,fengtai_meo,2018-05-01 20:00:00,Sunny/clear,11.5,1010.5,82.0,0.7,263.0
3148699,daxing_meo,2018-05-01 20:00:00,Sunny/clear,13.4,1012.2,74.0,0.7,292.0
3148700,fangshan_meo,2018-05-01 20:00:00,Sunny/clear,10.6,1011.3,85.0,1.1,329.0
3148701,xiayunling_meo,2018-05-01 20:00:00,Sunny/clear,8.1,970.1,94.0,0.2,999017.0
3150217,shunyi_meo,2018-05-01 21:00:00,Sunny/clear,11.6,1014.0,81.0,1.4,18.0
3150218,hadian_meo,2018-05-01 21:00:00,Sunny/clear,11.9,1011.7,65.0,0.9,38.0
3150219,yanqing_meo,2018-05-01 21:00:00,Sunny/clear,8.7,961.5,72.0,0.6,248.0
3150220,miyun_meo,2018-05-01 21:00:00,Sunny/clear,8.8,1009.1,95.0,1.2,105.0
3150221,huairou_meo,2018-05-01 21:00:00,Sunny/clear,10.1,1008.6,89.0,0.2,999017.0
3150222,shangdianzi_meo,2018-05-01 21:00:00,Sunny/clear,8.7,983.0,72.0,3.1,43.0
3150223,pinggu_meo,2018-05-01 21:00:00,Cloudy,8.5,1013.3,96.0,0.0,999017.0
3150224,tongzhou_meo,2018-05-01 21:00:00,Sunny/clear,13.1,1014.6,77.0,1.9,333.0
3150225,chaoyang_meo,2018-05-01 21:00:00,Sunny/clear,12.3,1013.4,75.0,1.1,21.0
3150226,pingchang_meo,2018-05-01 21:00:00,Sunny/clear,14.6,1008.7,42.0,1.3,356.0
3150227,zhaitang_meo,2018-05-01 21:00:00,Sunny/clear,6.6,967.1,92.0,0.4,216.0
3150228,mentougou_meo,2018-05-01 21:00:00,Sunny/clear,13.1,1007.3,59.0,3.8,321.0
3150229,beijing_meo,2018-05-01 21:00:00,Sunny/clear,14.7,1013.4,54.0,1.6,19.0
3150230,shijingshan_meo,2018-05-01 21:00:00,Sunny/clear,10.5,1009.7,82.0,0.6,125.0
3150231,fengtai_meo,2018-05-01 21:00:00,Sunny/clear,10.3,1010.7,84.0,0.8,283.0
3150232,daxing_meo,2018-05-01 21:00:00,Sunny/clear,11.6,1012.5,80.0,0.8,320.0
3150233,fangshan_meo,2018-05-01 21:00:00,Sunny/clear,9.2,1011.5,85.0,1.4,307.0
3150234,xiayunling_meo,2018-05-01 21:00:00,Sunny/clear,7.6,970.3,95.0,1.0,150.0
3151750,shunyi_meo,2018-05-01 22:00:00,Sunny/clear,11.8,1014.2,81.0,1.5,22.0
3151751,hadian_meo,2018-05-01 22:00:00,Sunny/clear,12.9,1012.1,67.0,1.0,38.0
3151752,yanqing_meo,2018-05-01 22:00:00,Sunny/clear,8.0,961.8,76.0,0.9,233.0
3151753,miyun_meo,2018-05-01 22:00:00,Sunny/clear,9.1,1009.4,95.0,1.8,102.0
3151754,huairou_meo,2018-05-01 22:00:00,Sunny/clear,9.4,1008.9,92.0,0.4,26.0
3151755,shangdianzi_meo,2018-05-01 22:00:00,Sunny/clear,8.9,983.3,70.0,4.4,46.0
3151756,pinggu_meo,2018-05-01 22:00:00,Cloudy,8.9,1013.7,98.0,0.3,284.0
3151757,tongzhou_meo,2018-05-01 22:00:00,Sunny/clear,12.6,1014.9,78.0,1.9,304.0
3151758,chaoyang_meo,2018-05-01 22:00:00,Sunny/clear,13.3,1013.6,68.0,0.9,276.0
3151759,pingchang_meo,2018-05-01 22:00:00,Sunny/clear,14.5,1008.9,41.0,1.7,341.0
3151760,zhaitang_meo,2018-05-01 22:00:00,Sunny/clear,6.3,967.4,93.0,1.2,162.0
3151761,mentougou_meo,2018-05-01 22:00:00,Sunny/clear,13.8,1007.8,53.0,3.3,351.0
3151762,beijing_meo,2018-05-01 22:00:00,Sunny/clear,12.9,1013.7,66.0,1.4,39.0
3151763,shijingshan_meo,2018-05-01 22:00:00,Sunny/clear,12.9,1010.1,62.0,1.0,213.0
3151764,fengtai_meo,2018-05-01 22:00:00,Sunny/clear,11.3,1011.1,78.0,0.9,294.0
3151765,daxing_meo,2018-05-01 22:00:00,Sunny/clear,11.0,1012.9,83.0,0.6,315.0
3151766,fangshan_meo,2018-05-01 22:00:00,Sunny/clear,9.2,1011.9,86.0,1.0,99.0
3151767,xiayunling_meo,2018-05-01 22:00:00,Sunny/clear,7.6,970.7,95.0,0.7,124.0
3153283,shunyi_meo,2018-05-01 23:00:00,Sunny/clear,14.4,1015.0,61.0,1.8,309.0
3153284,hadian_meo,2018-05-01 23:00:00,Sunny/clear,14.5,1012.9,52.0,1.5,25.0
3153285,yanqing_meo,2018-05-01 23:00:00,Sunny/clear,11.3,962.3,40.0,1.6,242.0
3153286,miyun_meo,2018-05-01 23:00:00,Sunny/clear,11.6,1010.0,86.0,0.6,105.0
3153287,huairou_meo,2018-05-01 23:00:00,Sunny/clear,12.8,1009.5,75.0,1.1,128.0
3153288,shangdianzi_meo,2018-05-01 23:00:00,Sunny/clear,11.0,983.8,62.0,4.3,58.0
3153289,pinggu_meo,2018-05-01 23:00:00,Sunny/clear,12.3,1014.3,82.0,0.5,29.0
3153290,tongzhou_meo,2018-05-01 23:00:00,Sunny/clear,15.0,1015.5,63.0,2.4,313.0
3153291,chaoyang_meo,2018-05-01 23:00:00,Sunny/clear,15.5,1014.3,51.0,0.8,320.0
3153292,pingchang_meo,2018-05-01 23:00:00,Sunny/clear,16.7,1009.6,32.0,3.0,356.0
3153293,zhaitang_meo,2018-05-01 23:00:00,Sunny/clear,9.4,968.0,79.0,1.2,211.0
3153294,mentougou_meo,2018-05-01 23:00:00,Sunny/clear,15.3,1008.4,46.0,2.6,5.0
3153295,beijing_meo,2018-05-01 23:00:00,Sunny/clear,16.7,1014.3,38.0,2.3,12.0
3153296,shijingshan_meo,2018-05-01 23:00:00,Sunny/clear,15.5,1010.8,49.0,0.6,163.0
3153297,fengtai_meo,2018-05-01 23:00:00,Sunny/clear,14.9,1011.8,60.0,0.9,306.0
3153298,daxing_meo,2018-05-01 23:00:00,Sunny/clear,16.1,1013.5,53.0,1.2,295.0
3153299,fangshan_meo,2018-05-01 23:00:00,Sunny/clear,12.9,1012.5,76.0,1.1,318.0
3153300,xiayunling_meo,2018-05-01 23:00:00,Sunny/clear,8.0,971.2,94.0,1.1,154.0
3154816,shunyi_meo,2018-05-02 00:00:00,Sunny/clear,17.3,1015.4,45.0,1.4,21.0
3154817,hadian_meo,2018-05-02 00:00:00,Sunny/clear,17.5,1013.3,35.0,1.0,2.0
3154818,yanqing_meo,2018-05-02 00:00:00,Sunny/clear,12.8,962.5,36.0,1.3,252.0
3154819,miyun_meo,2018-05-02 00:00:00,Sunny/clear,16.5,1010.2,51.0,2.2,77.0
3154820,huairou_meo,2018-05-02 00:00:00,Sunny/clear,16.6,1009.6,55.0,1.8,152.0
3154821,shangdianzi_meo,2018-05-02 00:00:00,Sunny/clear,14.6,984.2,46.0,2.4,60.0
3154822,pinggu_meo,2018-05-02 00:00:00,Sunny/clear,16.4,1014.4,47.0,2.1,326.0
3154823,tongzhou_meo,2018-05-02 00:00:00,Sunny/clear,16.6,1016.1,55.0,3.2,309.0
3154824,chaoyang_meo,2018-05-02 00:00:00,Sunny/clear,17.5,1014.8,34.0,1.6,326.0
3154825,pingchang_meo,2018-05-02 00:00:00,Sunny/clear,18.5,1010.0,24.0,2.0,357.0
3154826,zhaitang_meo,2018-05-02 00:00:00,Sunny/clear,13.5,968.1,54.0,1.3,159.0
3154827,mentougou_meo,2018-05-02 00:00:00,Sunny/clear,18.3,1008.8,33.0,2.3,316.0
3154828,beijing_meo,2018-05-02 00:00:00,Sunny/clear,18.4,1014.8,27.0,2.8,334.0
3154829,shijingshan_meo,2018-05-02 00:00:00,Sunny/clear,19.2,1011.2,20.0,3.6,4.0
3154830,fengtai_meo,2018-05-02 00:00:00,Sunny/clear,19.0,1012.3,27.0,2.0,320.0
3154831,daxing_meo,2018-05-02 00:00:00,Sunny/clear,18.5,1014.0,31.0,1.9,311.0
3154832,fangshan_meo,2018-05-02 00:00:00,Sunny/clear,17.8,1013.0,26.0,3.7,11.0
3154833,xiayunling_meo,2018-05-02 00:00:00,Sunny/clear,12.4,971.3,72.0,1.3,143.0
3156349,shunyi_meo,2018-05-02 01:00:00,Sunny/clear,18.7,1015.1,37.0,1.5,309.0
3156350,hadian_meo,2018-05-02 01:00:00,Sunny/clear,20.2,1013.1,22.0,1.7,15.0
3156351,yanqing_meo,2018-05-02 01:00:00,Sunny/clear,15.3,962.3,29.0,1.4,268.0
3156352,miyun_meo,2018-05-02 01:00:00,Sunny/clear,19.0,1010.1,32.0,1.8,39.0
3156353,huairou_meo,2018-05-02 01:00:00,Sunny/clear,19.5,1009.5,23.0,4.2,67.0
3156354,shangdianzi_meo,2018-05-02 01:00:00,Sunny/clear,17.5,983.8,23.0,5.7,72.0
3156355,pinggu_meo,2018-05-02 01:00:00,Sunny/clear,19.3,1014.2,24.0,3.1,351.0
3156356,tongzhou_meo,2018-05-02 01:00:00,Sunny/clear,18.3,1016.0,41.0,3.7,328.0
3156357,chaoyang_meo,2018-05-02 01:00:00,Sunny/clear,20.1,1014.5,22.0,1.8,59.0
3156358,pingchang_meo,2018-05-02 01:00:00,Sunny/clear,20.5,1009.6,16.0,2.8,319.0
3156359,zhaitang_meo,2018-05-02 01:00:00,Sunny/clear,16.9,967.7,28.0,1.7,192.0
3156360,mentougou_meo,2018-05-02 01:00:00,Sunny/clear,20.1,1008.7,21.0,3.2,331.0
3156361,beijing_meo,2018-05-02 01:00:00,Sunny/clear,20.0,1014.7,21.0,2.6,343.0
3156362,shijingshan_meo,2018-05-02 01:00:00,Sunny/clear,19.9,1011.1,18.0,4.0,343.0
3156363,fengtai_meo,2018-05-02 01:00:00,Sunny/clear,21.1,1012.1,19.0,3.5,71.0
3156364,daxing_meo,2018-05-02 01:00:00,Sunny/clear,20.1,1014.0,23.0,2.6,332.0
3156365,fangshan_meo,2018-05-02 01:00:00,Sunny/clear,20.2,1012.9,17.0,3.5,21.0
3156366,xiayunling_meo,2018-05-02 01:00:00,Sunny/clear,16.0,971.0,34.0,0.9,157.0
3157882,shunyi_meo,2018-05-02 02:00:00,Sunny/clear,20.6,1015.0,22.0,3.5,44.0
3157883,hadian_meo,2018-05-02 02:00:00,Sunny/clear,22.0,1012.8,15.0,3.1,19.0
3157884,yanqing_meo,2018-05-02 02:00:00,Sunny/clear,17.4,962.0,22.0,2.4,357.0
3157885,miyun_meo,2018-05-02 02:00:00,Sunny/clear,20.3,1010.0,23.0,3.7,29.0
3157886,huairou_meo,2018-05-02 02:00:00,Sunny/clear,20.3,1009.5,15.0,4.8,59.0
3157887,shangdianzi_meo,2018-05-02 02:00:00,Sunny/clear,18.8,983.7,16.0,4.0,47.0
3157888,pinggu_meo,2018-05-02 02:00:00,Sunny/clear,20.3,1014.3,18.0,5.8,360.0
3157889,tongzhou_meo,2018-05-02 02:00:00,Sunny/clear,20.4,1016.0,25.0,4.0,10.0
3157890,chaoyang_meo,2018-05-02 02:00:00,Sunny/clear,20.9,1014.3,18.0,2.0,35.0
3157891,pingchang_meo,2018-05-02 02:00:00,Sunny/clear,21.1,1009.5,15.0,5.1,309.0
3157892,zhaitang_meo,2018-05-02 02:00:00,Sunny/clear,18.6,967.3,18.0,5.0,63.0
3157893,mentougou_meo,2018-05-02 02:00:00,Sunny/clear,21.1,1008.5,15.0,3.5,22.0
3157894,beijing_meo,2018-05-02 02:00:00,Sunny/clear,20.8,1014.5,16.0,3.2,44.0
3157895,shijingshan_meo,2018-05-02 02:00:00,Sunny/clear,20.8,1010.9,16.0,4.8,355.0
3157896,fengtai_meo,2018-05-02 02:00:00,Sunny/clear,21.5,1011.9,15.0,1.9,352.0
3157897,daxing_meo,2018-05-02 02:00:00,Sunny/clear,21.4,1013.9,19.0,3.2,20.0
3157898,fangshan_meo,2018-05-02 02:00:00,Sunny/clear,21.2,1012.6,8.0,3.5,39.0
3157899,xiayunling_meo,2018-05-02 02:00:00,Sunny/clear,18.5,970.9,24.0,2.8,4.0
3159415,shunyi_meo,2018-05-02 03:00:00,Sunny/clear,21.8,1014.5,17.0,2.5,20.0
3159416,hadian_meo,2018-05-02 03:00:00,Sunny/clear,22.5,1012.5,16.0,2.5,358.0
3159417,yanqing_meo,2018-05-02 03:00:00,Sunny/clear,18.4,961.3,12.0,6.8,329.0
3159418,miyun_meo,2018-05-02 03:00:00,Sunny/clear,21.1,1009.3,17.0,1.3,350.0
3159419,huairou_meo,2018-05-02 03:00:00,Sunny/clear,21.5,1008.6,15.0,6.9,63.0
3159420,shangdianzi_meo,2018-05-02 03:00:00,Sunny/clear,19.6,983.2,14.0,4.2,48.0
3159421,pinggu_meo,2018-05-02 03:00:00,Sunny/clear,20.8,1014.0,16.0,3.1,343.0
3159422,tongzhou_meo,2018-05-02 03:00:00,Sunny/clear,21.0,1015.7,20.0,2.9,1.0
3159423,chaoyang_meo,2018-05-02 03:00:00,Sunny/clear,21.4,1014.0,21.0,3.3,70.0
3159424,pingchang_meo,2018-05-02 03:00:00,Sunny/clear,22.7,1008.7,14.0,2.3,90.0
3159425,zhaitang_meo,2018-05-02 03:00:00,Sunny/clear,19.3,966.9,16.0,3.4,344.0
3159426,mentougou_meo,2018-05-02 03:00:00,Sunny/clear,21.2,1008.0,15.0,6.4,27.0
3159427,beijing_meo,2018-05-02 03:00:00,Sunny/clear,21.7,1014.1,14.0,3.2,288.0
3159428,shijingshan_meo,2018-05-02 03:00:00,Sunny/clear,21.8,1010.4,14.0,4.4,356.0
3159429,fengtai_meo,2018-05-02 03:00:00,Sunny/clear,22.2,1011.5,15.0,3.1,48.0
3159430,daxing_meo,2018-05-02 03:00:00,Sunny/clear,21.8,1013.5,14.0,5.8,326.0
3159431,fangshan_meo,2018-05-02 03:00:00,Sunny/clear,21.6,1012.4,7.0,5.6,14.0
3159432,xiayunling_meo,2018-05-02 03:00:00,Sunny/clear,19.1,970.5,19.0,1.5,352.0
3163976,shunyi_meo,2018-05-02 06:00:00,Sunny/clear,23.1,1011.5,14.0,2.0,176.0
3163977,hadian_meo,2018-05-02 06:00:00,Sunny/clear,23.9,1009.2,12.0,2.4,18.0
3163978,yanqing_meo,2018-05-02 06:00:00,Sunny/clear,20.2,958.3,13.0,2.7,342.0
3163979,miyun_meo,2018-05-02 06:00:00,Sunny/clear,23.7,1006.1,13.0,2.9,14.0
3163980,huairou_meo,2018-05-02 06:00:00,Sunny/clear,24.0,1005.4,12.0,3.7,115.0
3163981,shangdianzi_meo,2018-05-02 06:00:00,Sunny/clear,21.7,980.2,10.0,6.0,25.0
3163982,pinggu_meo,2018-05-02 06:00:00,Sunny/clear,23.7,1010.9,12.0,4.5,326.0
3163983,tongzhou_meo,2018-05-02 06:00:00,Sunny/clear,22.2,1013.1,15.0,2.0,141.0
3163984,chaoyang_meo,2018-05-02 06:00:00,Sunny/clear,23.4,1011.0,16.0,2.9,132.0
3163985,pingchang_meo,2018-05-02 06:00:00,Sunny/clear,24.2,1005.6,9.0,2.4,258.0
3163986,zhaitang_meo,2018-05-02 06:00:00,Sunny/clear,21.7,964.0,12.0,4.0,240.0
3163987,mentougou_meo,2018-05-02 06:00:00,Sunny/clear,22.7,1005.1,14.0,2.6,5.0
3163988,beijing_meo,2018-05-02 06:00:00,Sunny/clear,22.0,1011.3,14.0,1.5,77.0
3163989,shijingshan_meo,2018-05-02 06:00:00,Sunny/clear,22.5,1007.5,15.0,1.3,268.0
3163990,fengtai_meo,2018-05-02 06:00:00,Sunny/clear,23.3,1008.7,14.0,1.6,285.0
3163991,daxing_meo,2018-05-02 06:00:00,Sunny/clear,22.8,1010.7,14.0,2.6,308.0
3163992,fangshan_meo,2018-05-02 06:00:00,Sunny/clear,24.0,1009.4,5.0,2.1,22.0
3163993,xiayunling_meo,2018-05-02 06:00:00,Sunny/clear,21.5,967.8,15.0,4.8,315.0
3165509,shunyi_meo,2018-05-02 07:00:00,Sunny/clear,22.6,1010.6,15.0,3.0,178.0
3165510,hadian_meo,2018-05-02 07:00:00,Sunny/clear,23.8,1008.3,14.0,1.5,239.0
3165511,yanqing_meo,2018-05-02 07:00:00,Sunny/clear,19.6,958.1,13.0,5.7,288.0
3165512,miyun_meo,2018-05-02 07:00:00,Sunny/clear,23.2,1005.1,12.0,0.5,290.0
3165513,huairou_meo,2018-05-02 07:00:00,Sunny/clear,23.0,1004.7,16.0,1.5,150.0
3165514,shangdianzi_meo,2018-05-02 07:00:00,Sunny/clear,21.2,979.5,11.0,4.3,15.0
3165515,pinggu_meo,2018-05-02 07:00:00,Sunny/clear,23.8,1009.9,11.0,3.2,288.0
3165516,tongzhou_meo,2018-05-02 07:00:00,Sunny/clear,22.8,1012.0,14.0,1.5,46.0
3165517,chaoyang_meo,2018-05-02 07:00:00,Sunny/clear,24.3,1009.8,12.0,0.8,276.0
3165518,pingchang_meo,2018-05-02 07:00:00,Sunny/clear,23.7,1005.0,9.0,3.4,279.0
3165519,zhaitang_meo,2018-05-02 07:00:00,Sunny/clear,20.3,964.3,18.0,5.2,211.0
3165520,mentougou_meo,2018-05-02 07:00:00,Sunny/clear,22.5,1004.3,13.0,1.8,283.0
3165521,beijing_meo,2018-05-02 07:00:00,Sunny/clear,22.8,1010.4,15.0,2.2,143.0
3165522,shijingshan_meo,2018-05-02 07:00:00,Sunny/clear,23.1,1006.6,13.0,2.4,315.0
3165523,fengtai_meo,2018-05-02 07:00:00,Sunny/clear,23.3,1007.7,13.0,4.1,285.0
3165524,daxing_meo,2018-05-02 07:00:00,Sunny/clear,23.2,1009.8,14.0,2.1,266.0
3165525,fangshan_meo,2018-05-02 07:00:00,Sunny/clear,22.4,1008.7,9.0,1.0,203.0
3165526,xiayunling_meo,2018-05-02 07:00:00,Sunny/clear,19.8,967.8,16.0,4.2,324.0
3167042,shunyi_meo,2018-05-02 08:00:00,Sunny/clear,22.9,1009.8,16.0,2.8,157.0
3167043,hadian_meo,2018-05-02 08:00:00,Sunny/clear,23.3,1008.3,18.0,1.8,222.0
3167044,yanqing_meo,2018-05-02 08:00:00,Sunny/clear,19.3,957.2,18.0,3.9,244.0
3167045,miyun_meo,2018-05-02 08:00:00,Sunny/clear,23.0,1004.6,13.0,2.9,351.0
3167046,huairou_meo,2018-05-02 08:00:00,Sunny/clear,22.1,1004.1,15.0,2.6,157.0
3167047,shangdianzi_meo,2018-05-02 08:00:00,Sunny/clear,21.4,978.6,11.0,4.0,319.0
3167048,pinggu_meo,2018-05-02 08:00:00,Sunny/clear,23.0,1009.6,14.0,4.2,278.0
3167049,tongzhou_meo,2018-05-02 08:00:00,Sunny/clear,21.6,1011.3,20.0,2.3,112.0
3167050,chaoyang_meo,2018-05-02 08:00:00,Sunny/clear,23.2,1009.4,14.0,4.5,280.0
3167051,pingchang_meo,2018-05-02 08:00:00,Sunny/clear,23.7,1004.2,13.0,5.3,276.0
3167052,zhaitang_meo,2018-05-02 08:00:00,Sunny/clear,20.0,963.5,18.0,3.5,270.0
3167053,mentougou_meo,2018-05-02 08:00:00,Sunny/clear,22.9,1004.2,15.0,0.9,33.0
3167054,beijing_meo,2018-05-02 08:00:00,Sunny/clear,22.7,1010.3,13.0,5.4,303.0
3167055,shijingshan_meo,2018-05-02 08:00:00,Sunny/clear,22.5,1006.5,15.0,3.8,324.0
3167056,fengtai_meo,2018-05-02 08:00:00,Sunny/clear,22.6,1007.7,18.0,1.9,276.0
3167057,daxing_meo,2018-05-02 08:00:00,Sunny/clear,20.8,1010.5,22.0,6.6,201.0
3167058,fangshan_meo,2018-05-02 08:00:00,Sunny/clear,21.6,1008.7,13.0,3.0,198.0
3167059,xiayunling_meo,2018-05-02 08:00:00,Sunny/clear,20.8,967.0,18.0,1.3,16.0
3168575,shunyi_meo,2018-05-02 09:00:00,Sunny/clear,22.6,1009.5,16.0,2.8,151.0
3168576,hadian_meo,2018-05-02 09:00:00,Sunny/clear,23.4,1007.5,15.0,2.0,237.0
3168577,yanqing_meo,2018-05-02 09:00:00,Sunny/clear,19.1,957.4,17.0,2.0,286.0
3168578,miyun_meo,2018-05-02 09:00:00,Sunny/clear,21.7,1004.5,14.0,3.8,23.0
3168579,huairou_meo,2018-05-02 09:00:00,Sunny/clear,21.8,1003.8,16.0,3.2,153.0
3168580,shangdianzi_meo,2018-05-02 09:00:00,Sunny/clear,20.6,978.5,12.0,1.0,25.0
3168581,pinggu_meo,2018-05-02 09:00:00,Sunny/clear,22.2,1009.1,13.0,1.8,204.0
3168582,tongzhou_meo,2018-05-02 09:00:00,Sunny/clear,22.1,1010.9,21.0,4.4,203.0
3168583,chaoyang_meo,2018-05-02 09:00:00,Sunny/clear,23.3,1008.9,15.0,4.0,253.0
3168584,pingchang_meo,2018-05-02 09:00:00,Sunny/clear,22.8,1004.1,12.0,3.2,224.0
3168585,zhaitang_meo,2018-05-02 09:00:00,Sunny/clear,19.9,963.0,15.0,4.2,326.0
3168586,mentougou_meo,2018-05-02 09:00:00,Sunny/clear,23.5,1003.5,15.0,2.9,311.0
3168587,beijing_meo,2018-05-02 09:00:00,Sunny/clear,22.4,1009.6,20.0,4.6,234.0
3168588,shijingshan_meo,2018-05-02 09:00:00,Sunny/clear,23.4,1005.7,14.0,2.0,210.0
3168589,fengtai_meo,2018-05-02 09:00:00,Sunny/clear,23.5,1006.9,19.0,2.6,183.0
3168590,daxing_meo,2018-05-02 09:00:00,Sunny/clear,21.3,1009.3,23.0,3.3,187.0
3168591,fangshan_meo,2018-05-02 09:00:00,Sunny/clear,21.7,1007.9,14.0,4.0,194.0
3168592,xiayunling_meo,2018-05-02 09:00:00,Sunny/clear,19.9,966.7,19.0,3.1,327.0
3170108,shunyi_meo,2018-05-02 10:00:00,Sunny/clear,22.4,1009.6,14.0,4.3,334.0
3170109,hadian_meo,2018-05-02 10:00:00,Sunny/clear,22.9,1007.4,13.0,1.6,333.0
3170110,yanqing_meo,2018-05-02 10:00:00,Sunny/clear,17.6,957.8,21.0,3.2,309.0
3170111,miyun_meo,2018-05-02 10:00:00,Sunny/clear,21.2,1004.9,17.0,1.1,150.0
3170112,huairou_meo,2018-05-02 10:00:00,Sunny/clear,21.8,1003.8,17.0,2.6,129.0
3170113,shangdianzi_meo,2018-05-02 10:00:00,Sunny/clear,19.8,978.9,15.0,4.1,273.0
3170114,pinggu_meo,2018-05-02 10:00:00,Sunny/clear,21.6,1009.8,14.0,2.0,275.0
3170115,tongzhou_meo,2018-05-02 10:00:00,Sunny/clear,20.5,1010.7,25.0,4.0,180.0
3170116,chaoyang_meo,2018-05-02 10:00:00,Sunny/clear,21.9,1008.8,20.0,2.7,246.0
3170117,pingchang_meo,2018-05-02 10:00:00,Sunny/clear,22.2,1004.3,14.0,3.2,314.0
3170118,zhaitang_meo,2018-05-02 10:00:00,Sunny/clear,19.2,962.8,18.0,3.7,230.0
3170119,mentougou_meo,2018-05-02 10:00:00,Sunny/clear,22.4,1003.2,15.0,4.4,296.0
3170120,beijing_meo,2018-05-02 10:00:00,Sunny/clear,21.1,1009.2,22.0,3.7,229.0
3170121,shijingshan_meo,2018-05-02 10:00:00,Sunny/clear,22.6,1005.5,13.0,3.1,309.0
3170122,fengtai_meo,2018-05-02 10:00:00,Sunny/clear,21.9,1006.6,22.0,1.5,257.0
3170123,daxing_meo,2018-05-02 10:00:00,Sunny/clear,20.6,1008.7,25.0,2.8,201.0
3170124,fangshan_meo,2018-05-02 10:00:00,Sunny/clear,21.1,1007.5,16.0,3.3,208.0
3170125,xiayunling_meo,2018-05-02 10:00:00,Sunny/clear,19.1,966.4,20.0,1.6,49.0
3171641,shunyi_meo,2018-05-02 11:00:00,Sunny/clear,21.1,1009.9,20.0,0.6,197.0
3171642,hadian_meo,2018-05-02 11:00:00,Sunny/clear,21.8,1008.2,15.0,3.4,352.0
3171643,yanqing_meo,2018-05-02 11:00:00,Sunny/clear,16.0,958.6,26.0,2.3,300.0
3171644,miyun_meo,2018-05-02 11:00:00,Sunny/clear,20.4,1005.0,18.0,0.9,96.0
3171645,huairou_meo,2018-05-02 11:00:00,Sunny/clear,20.6,1004.6,19.0,0.9,354.0
3171646,shangdianzi_meo,2018-05-02 11:00:00,Sunny/clear,18.8,979.8,18.0,3.7,3.0
3171647,pinggu_meo,2018-05-02 11:00:00,Sunny/clear,20.1,1009.7,19.0,1.6,340.0
3171648,tongzhou_meo,2018-05-02 11:00:00,Sunny/clear,19.0,1011.2,32.0,0.8,167.0
3171649,chaoyang_meo,2018-05-02 11:00:00,Sunny/clear,22.4,1009.3,14.0,3.5,288.0
3171650,pingchang_meo,2018-05-02 11:00:00,Sunny/clear,20.8,1005.1,17.0,3.9,285.0
3171651,zhaitang_meo,2018-05-02 11:00:00,Sunny/clear,17.1,964.5,25.0,2.9,34.0
3171652,mentougou_meo,2018-05-02 11:00:00,Sunny/clear,19.9,1004.5,22.0,5.0,280.0
3171653,beijing_meo,2018-05-02 11:00:00,Sunny/clear,20.1,1010.0,25.0,4.0,257.0
3171654,shijingshan_meo,2018-05-02 11:00:00,Sunny/clear,20.3,1006.8,20.0,3.8,310.0
3171655,fengtai_meo,2018-05-02 11:00:00,Sunny/clear,20.8,1008.0,22.0,5.2,273.0
3171656,daxing_meo,2018-05-02 11:00:00,Sunny/clear,20.6,1010.0,25.0,2.6,296.0
3171657,fangshan_meo,2018-05-02 11:00:00,Sunny/clear,20.1,1009.5,12.0,6.0,310.0
3171658,xiayunling_meo,2018-05-02 11:00:00,Sunny/clear,18.8,966.9,18.0,3.2,344.0
3173174,shunyi_meo,2018-05-02 12:00:00,Sunny/clear,20.3,1010.7,24.0,1.9,97.0
3173175,hadian_meo,2018-05-02 12:00:00,Sunny/clear,19.8,1008.9,21.0,2.6,341.0
3173176,yanqing_meo,2018-05-02 12:00:00,Sunny/clear,15.1,959.1,29.0,1.1,13.0
3173177,miyun_meo,2018-05-02 12:00:00,Sunny/clear,19.7,1006.1,20.0,2.0,10.0
3173178,huairou_meo,2018-05-02 12:00:00,Sunny/clear,20.0,1005.6,18.0,3.5,70.0
3173179,shangdianzi_meo,2018-05-02 12:00:00,Sunny/clear,17.3,980.7,24.0,4.3,29.0
3173180,pinggu_meo,2018-05-02 12:00:00,Sunny/clear,20.3,1010.6,19.0,7.5,42.0
3173181,tongzhou_meo,2018-05-02 12:00:00,Sunny/clear,17.1,1011.6,41.0,1.2,164.0
3173182,chaoyang_meo,2018-05-02 12:00:00,Sunny/clear,20.6,1010.1,21.0,2.2,281.0
3173183,pingchang_meo,2018-05-02 12:00:00,Sunny/clear,19.7,1006.0,20.0,4.2,331.0
3173184,zhaitang_meo,2018-05-02 12:00:00,Sunny/clear,15.3,964.5,31.0,1.5,253.0
3173185,mentougou_meo,2018-05-02 12:00:00,Sunny/clear,19.5,1004.8,21.0,4.5,317.0
3173186,beijing_meo,2018-05-02 12:00:00,Sunny/clear,19.7,1010.4,22.0,3.0,278.0
3173187,shijingshan_meo,2018-05-02 12:00:00,Sunny/clear,19.7,1007.2,20.0,4.4,308.0
3173188,fengtai_meo,2018-05-02 12:00:00,Sunny/clear,20.1,1008.1,22.0,2.2,268.0
3173189,daxing_meo,2018-05-02 12:00:00,Sunny/clear,20.0,1009.9,22.0,3.3,290.0
3173190,fangshan_meo,2018-05-02 12:00:00,Sunny/clear,19.3,1008.9,13.0,4.3,333.0
3173191,xiayunling_meo,2018-05-02 12:00:00,Sunny/clear,16.8,968.0,26.0,0.2,999017.0
3174707,shunyi_meo,2018-05-02 13:00:00,Sunny/clear,19.6,1011.5,25.0,0.8,295.0
3174708,hadian_meo,2018-05-02 13:00:00,Sunny/clear,19.6,1009.8,22.0,2.5,344.0
3174709,yanqing_meo,2018-05-02 13:00:00,Sunny/clear,14.2,959.8,30.0,0.6,19.0
3174710,miyun_meo,2018-05-02 13:00:00,Sunny/clear,18.9,1006.7,23.0,1.7,11.0
3174711,huairou_meo,2018-05-02 13:00:00,Sunny/clear,19.2,1006.1,21.0,2.2,34.0
3174712,shangdianzi_meo,2018-05-02 13:00:00,Sunny/clear,16.2,981.4,26.0,3.2,360.0
3174713,pinggu_meo,2018-05-02 13:00:00,Sunny/clear,19.6,1011.1,20.0,2.1,348.0
3174714,tongzhou_meo,2018-05-02 13:00:00,Sunny/clear,15.9,1012.4,52.0,1.0,7.0
3174715,chaoyang_meo,2018-05-02 13:00:00,Sunny/clear,20.1,1010.8,21.0,2.1,304.0
3174716,pingchang_meo,2018-05-02 13:00:00,Sunny/clear,18.5,1006.7,23.0,1.9,304.0
3174717,zhaitang_meo,2018-05-02 13:00:00,Sunny/clear,12.5,965.3,42.0,1.8,170.0
3174718,mentougou_meo,2018-05-02 13:00:00,Sunny/clear,18.6,1005.5,24.0,3.6,310.0
3174719,beijing_meo,2018-05-02 13:00:00,Sunny/clear,20.2,1011.1,19.0,3.8,318.0
3174720,shijingshan_meo,2018-05-02 13:00:00,Sunny/clear,19.7,1007.8,19.0,3.5,329.0
3174721,fengtai_meo,2018-05-02 13:00:00,Sunny/clear,19.6,1008.7,23.0,1.7,287.0
3174722,daxing_meo,2018-05-02 13:00:00,Sunny/clear,19.1,1010.6,24.0,2.0,299.0
3174723,fangshan_meo,2018-05-02 13:00:00,Sunny/clear,18.1,1009.6,17.0,3.1,303.0
3174724,xiayunling_meo,2018-05-02 13:00:00,Sunny/clear,12.8,968.5,45.0,0.1,999017.0
3176240,shunyi_meo,2018-05-02 14:00:00,Sunny/clear,19.0,1012.2,24.0,1.9,318.0
3176241,hadian_meo,2018-05-02 14:00:00,Sunny/clear,19.0,1010.1,23.0,1.9,344.0
3176242,yanqing_meo,2018-05-02 14:00:00,Sunny/clear,13.4,960.2,39.0,1.2,33.0
3176243,miyun_meo,2018-05-02 14:00:00,Sunny/clear,16.9,1007.5,30.0,1.5,26.0
3176244,huairou_meo,2018-05-02 14:00:00,Sunny/clear,19.3,1006.9,18.0,3.7,358.0
3176245,shangdianzi_meo,2018-05-02 14:00:00,Sunny/clear,15.4,981.6,28.0,3.4,350.0
3176246,pinggu_meo,2018-05-02 14:00:00,Sunny/clear,18.7,1011.6,22.0,2.5,8.0
3176247,tongzhou_meo,2018-05-02 14:00:00,Sunny/clear,16.1,1012.7,44.0,0.6,251.0
3176248,chaoyang_meo,2018-05-02 14:00:00,Sunny/clear,19.5,1011.4,23.0,2.4,297.0
3176249,pingchang_meo,2018-05-02 14:00:00,Sunny/clear,17.8,1007.3,24.0,2.7,64.0
3176250,zhaitang_meo,2018-05-02 14:00:00,Sunny/clear,12.3,965.5,40.0,1.8,207.0
3176251,mentougou_meo,2018-05-02 14:00:00,Sunny/clear,18.4,1005.9,24.0,2.8,319.0
3176252,beijing_meo,2018-05-02 14:00:00,Sunny/clear,19.7,1011.5,21.0,3.3,330.0
3176253,shijingshan_meo,2018-05-02 14:00:00,Sunny/clear,19.4,1008.3,19.0,3.7,335.0
3176254,fengtai_meo,2018-05-02 14:00:00,Sunny/clear,19.5,1009.1,22.0,1.9,275.0
3176255,daxing_meo,2018-05-02 14:00:00,Sunny/clear,18.7,1010.9,25.0,2.2,278.0
3176256,fangshan_meo,2018-05-02 14:00:00,Sunny/clear,17.4,1009.9,18.0,2.7,338.0
3176257,xiayunling_meo,2018-05-02 14:00:00,Sunny/clear,10.7,968.9,56.0,1.0,195.0
3177773,shunyi_meo,2018-05-02 15:00:00,Sunny/clear,17.8,1012.4,26.0,2.0,335.0
3177774,hadian_meo,2018-05-02 15:00:00,Sunny/clear,17.9,1010.6,26.0,1.4,348.0
3177775,yanqing_meo,2018-05-02 15:00:00,Sunny/clear,12.6,960.2,36.0,2.1,113.0
3177776,miyun_meo,2018-05-02 15:00:00,Sunny/clear,13.7,1007.5,42.0,1.1,74.0
3177777,huairou_meo,2018-05-02 15:00:00,Sunny/clear,18.3,1006.9,20.0,4.5,340.0
3177778,shangdianzi_meo,2018-05-02 15:00:00,Sunny/clear,14.2,981.8,31.0,1.8,320.0
3177779,pinggu_meo,2018-05-02 15:00:00,Sunny/clear,18.1,1011.6,23.0,2.3,351.0
3177780,tongzhou_meo,2018-05-02 15:00:00,Sunny/clear,16.4,1013.2,38.0,1.6,319.0
3177781,chaoyang_meo,2018-05-02 15:00:00,Sunny/clear,18.8,1011.8,23.0,2.5,322.0
3177782,pingchang_meo,2018-05-02 15:00:00,Sunny/clear,17.5,1007.5,25.0,1.0,351.0
3177783,zhaitang_meo,2018-05-02 15:00:00,Sunny/clear,11.2,965.6,44.0,2.1,189.0
3177784,mentougou_meo,2018-05-02 15:00:00,Sunny/clear,17.2,1006.2,31.0,2.7,347.0
3177785,beijing_meo,2018-05-02 15:00:00,Sunny/clear,18.8,1012.0,22.0,2.9,350.0
3177786,shijingshan_meo,2018-05-02 15:00:00,Sunny/clear,19.0,1008.6,20.0,3.9,349.0
3177787,fengtai_meo,2018-05-02 15:00:00,Sunny/clear,19.5,1009.4,21.0,1.7,351.0
3177788,daxing_meo,2018-05-02 15:00:00,Sunny/clear,18.1,1011.3,26.0,1.6,315.0
3177789,fangshan_meo,2018-05-02 15:00:00,Sunny/clear,17.0,1010.3,17.0,1.7,355.0
3177790,xiayunling_meo,2018-05-02 15:00:00,Sunny/clear,9.2,969.1,65.0,1.2,202.0
3179306,shunyi_meo,2018-05-02 16:00:00,Sunny/clear,15.5,1013.1,38.0,0.5,3.0
3179307,hadian_meo,2018-05-02 16:00:00,Sunny/clear,17.1,1011.1,29.0,1.2,4.0
3179308,yanqing_meo,2018-05-02 16:00:00,Sunny/clear,10.8,960.8,46.0,0.3,190.0
3179309,miyun_meo,2018-05-02 16:00:00,Sunny/clear,14.7,1008.2,38.0,1.3,57.0
3179310,huairou_meo,2018-05-02 16:00:00,Sunny/clear,17.3,1007.5,22.0,2.4,5.0
3179311,shangdianzi_meo,2018-05-02 16:00:00,Sunny/clear,12.4,982.3,37.0,2.6,44.0
3179312,pinggu_meo,2018-05-02 16:00:00,Sunny/clear,16.5,1012.5,27.0,2.2,347.0
3179313,tongzhou_meo,2018-05-02 16:00:00,Sunny/clear,14.9,1013.7,47.0,1.6,320.0
3179314,chaoyang_meo,2018-05-02 16:00:00,Sunny/clear,18.4,1012.4,24.0,1.9,1.0
3179315,pingchang_meo,2018-05-02 16:00:00,Sunny/clear,16.0,1008.1,29.0,1.5,75.0
3179316,zhaitang_meo,2018-05-02 16:00:00,Sunny/clear,10.2,966.2,48.0,2.0,189.0
3179317,mentougou_meo,2018-05-02 16:00:00,Sunny/clear,17.0,1006.7,27.0,3.5,324.0
3179318,beijing_meo,2018-05-02 16:00:00,Sunny/clear,18.4,1012.5,22.0,3.0,351.0
3179319,shijingshan_meo,2018-05-02 16:00:00,Sunny/clear,18.1,1009.2,22.0,2.1,345.0
3179320,fengtai_meo,2018-05-02 16:00:00,Sunny/clear,18.8,1010.1,23.0,1.9,342.0
3179321,daxing_meo,2018-05-02 16:00:00,Sunny/clear,17.2,1011.8,27.0,1.2,345.0
3179322,fangshan_meo,2018-05-02 16:00:00,Sunny/clear,15.6,1010.8,21.0,1.8,343.0
3179323,xiayunling_meo,2018-05-02 16:00:00,Sunny/clear,8.6,969.7,67.0,0.3,89.0
3180839,shunyi_meo,2018-05-02 17:00:00,Sunny/clear,14.8,1013.5,36.0,0.7,39.0
3180840,hadian_meo,2018-05-02 17:00:00,Sunny/clear,16.5,1011.3,30.0,1.1,321.0
3180841,yanqing_meo,2018-05-02 17:00:00,Sunny/clear,9.8,960.9,46.0,0.7,206.0
3180842,miyun_meo,2018-05-02 17:00:00,Sunny/clear,13.2,1008.3,44.0,1.6,61.0
3180843,huairou_meo,2018-05-02 17:00:00,Sunny/clear,13.9,1007.9,31.0,0.8,271.0
3180844,shangdianzi_meo,2018-05-02 17:00:00,Sunny/clear,10.9,982.5,43.0,2.3,25.0
3180845,pinggu_meo,2018-05-02 17:00:00,Sunny/clear,14.6,1012.5,31.0,1.8,333.0
3180846,tongzhou_meo,2018-05-02 17:00:00,Sunny/clear,15.7,1014.1,34.0,1.5,344.0
3180847,chaoyang_meo,2018-05-02 17:00:00,Sunny/clear,18.0,1012.5,25.0,1.6,291.0
3180848,pingchang_meo,2018-05-02 17:00:00,Sunny/clear,14.7,1008.3,32.0,1.0,354.0
3180849,zhaitang_meo,2018-05-02 17:00:00,Sunny/clear,8.5,966.7,55.0,2.0,201.0
3180850,mentougou_meo,2018-05-02 17:00:00,Sunny/clear,16.9,1007.0,27.0,2.9,334.0
3180851,beijing_meo,2018-05-02 17:00:00,Sunny/clear,18.0,1012.8,24.0,1.1,317.0
3180852,shijingshan_meo,2018-05-02 17:00:00,Sunny/clear,18.0,1009.5,21.0,2.6,340.0
3180853,fengtai_meo,2018-05-02 17:00:00,Sunny/clear,18.4,1010.4,24.0,1.3,321.0
3180854,daxing_meo,2018-05-02 17:00:00,Sunny/clear,17.2,1012.1,27.0,2.5,321.0
3180855,fangshan_meo,2018-05-02 17:00:00,Sunny/clear,15.7,1011.2,22.0,2.2,16.0
3180856,xiayunling_meo,2018-05-02 17:00:00,Sunny/clear,7.7,970.0,72.0,0.5,158.0
3182372,shunyi_meo,2018-05-02 18:00:00,Sunny/clear,12.2,1013.8,41.0,0.8,281.0
3182373,hadian_meo,2018-05-02 18:00:00,Sunny/clear,14.9,1011.6,33.0,0.4,12.0
3182374,yanqing_meo,2018-05-02 18:00:00,Sunny/clear,9.1,961.2,50.0,0.8,84.0
3182375,miyun_meo,2018-05-02 18:00:00,Sunny/clear,10.3,1008.6,57.0,1.1,170.0
3182376,huairou_meo,2018-05-02 18:00:00,Sunny/clear,12.1,1008.2,37.0,1.0,74.0
3182377,shangdianzi_meo,2018-05-02 18:00:00,Sunny/clear,10.0,982.6,46.0,2.9,42.0
3182378,pinggu_meo,2018-05-02 18:00:00,Sunny/clear,13.8,1012.9,34.0,2.1,333.0
3182379,tongzhou_meo,2018-05-02 18:00:00,Sunny/clear,13.1,1014.5,42.0,1.6,302.0
3182380,chaoyang_meo,2018-05-02 18:00:00,Sunny/clear,15.5,1013.2,31.0,1.2,28.0
3182381,pingchang_meo,2018-05-02 18:00:00,Sunny/clear,12.7,1008.6,37.0,1.2,343.0
3182382,zhaitang_meo,2018-05-02 18:00:00,Sunny/clear,8.3,966.9,54.0,2.0,195.0
3182383,mentougou_meo,2018-05-02 18:00:00,Sunny/clear,15.3,1007.2,34.0,1.7,320.0
3182384,beijing_meo,2018-05-02 18:00:00,Sunny/clear,17.1,1013.2,25.0,1.5,10.0
3182385,shijingshan_meo,2018-05-02 18:00:00,Sunny/clear,17.3,1009.6,19.0,2.4,315.0
3182386,fengtai_meo,2018-05-02 18:00:00,Sunny/clear,15.5,1010.6,33.0,1.0,273.0
3182387,daxing_meo,2018-05-02 18:00:00,Sunny/clear,17.1,1012.3,26.0,1.5,318.0
3182388,fangshan_meo,2018-05-02 18:00:00,Sunny/clear,14.4,1011.4,24.0,1.6,334.0
3182389,xiayunling_meo,2018-05-02 18:00:00,Sunny/clear,7.0,970.3,75.0,0.0,999017.0
3183905,shunyi_meo,2018-05-02 19:00:00,Sunny/clear,10.9,1013.8,58.0,0.5,20.0
3183906,hadian_meo,2018-05-02 19:00:00,Sunny/clear,13.3,1011.6,40.0,1.0,6.0
3183907,yanqing_meo,2018-05-02 19:00:00,Sunny/clear,8.1,961.1,51.0,1.0,188.0
3183908,miyun_meo,2018-05-02 19:00:00,Sunny/clear,8.2,1008.6,67.0,0.5,109.0
3183909,huairou_meo,2018-05-02 19:00:00,Sunny/clear,10.4,1008.1,45.0,1.8,334.0
3183910,shangdianzi_meo,2018-05-02 19:00:00,Sunny/clear,8.5,982.7,52.0,4.2,49.0
3183911,pinggu_meo,2018-05-02 19:00:00,Sunny/clear,10.9,1013.1,47.0,0.9,105.0
3183912,tongzhou_meo,2018-05-02 19:00:00,Sunny/clear,9.9,1014.6,74.0,1.7,311.0
3183913,chaoyang_meo,2018-05-02 19:00:00,Sunny/clear,15.7,1013.1,30.0,0.9,316.0
3183914,pingchang_meo,2018-05-02 19:00:00,Sunny/clear,13.3,1008.6,35.0,1.2,348.0
3183915,zhaitang_meo,2018-05-02 19:00:00,Sunny/clear,6.2,967.0,68.0,0.5,46.0
3183916,mentougou_meo,2018-05-02 19:00:00,Sunny/clear,13.7,1007.3,37.0,2.8,331.0
3183917,beijing_meo,2018-05-02 19:00:00,Sunny/clear,12.9,1013.3,39.0,0.1,999017.0
3183918,shijingshan_meo,2018-05-02 19:00:00,Sunny/clear,14.4,1009.6,27.0,0.9,328.0
3183919,fengtai_meo,2018-05-02 19:00:00,Sunny/clear,11.9,1010.6,45.0,0.7,262.0
3183920,daxing_meo,2018-05-02 19:00:00,Sunny/clear,12.4,1012.5,44.0,0.2,999017.0
3183921,fangshan_meo,2018-05-02 19:00:00,Sunny/clear,11.9,1011.4,32.0,0.9,24.0
3183922,xiayunling_meo,2018-05-02 19:00:00,Sunny/clear,6.5,970.3,77.0,1.5,228.0
3185438,shunyi_meo,2018-05-02 20:00:00,Sunny/clear,9.7,1013.9,65.0,0.0,999017.0
3185439,hadian_meo,2018-05-02 20:00:00,Sunny/clear,13.4,1012.0,38.0,1.2,34.0
3185440,yanqing_meo,2018-05-02 20:00:00,Sunny/clear,6.2,961.6,68.0,1.2,90.0
3185441,miyun_meo,2018-05-02 20:00:00,Sunny/clear,6.7,1009.1,75.0,0.4,103.0
3185442,huairou_meo,2018-05-02 20:00:00,Sunny/clear,12.3,1008.3,33.0,3.0,326.0
3185443,shangdianzi_meo,2018-05-02 20:00:00,Sunny/clear,7.8,983.1,54.0,3.7,40.0
3185444,pinggu_meo,2018-05-02 20:00:00,Sunny/clear,9.2,1013.4,60.0,0.7,145.0
3185445,tongzhou_meo,2018-05-02 20:00:00,Sunny/clear,9.2,1014.8,81.0,1.5,322.0
3185446,chaoyang_meo,2018-05-02 20:00:00,Sunny/clear,12.1,1013.4,43.0,0.0,999017.0
3185447,pingchang_meo,2018-05-02 20:00:00,Sunny/clear,12.5,1009.0,38.0,1.7,39.0
3185448,zhaitang_meo,2018-05-02 20:00:00,Sunny/clear,4.7,967.4,74.0,0.7,253.0
3185449,mentougou_meo,2018-05-02 20:00:00,Sunny/clear,14.1,1007.5,34.0,3.8,326.0
3185450,beijing_meo,2018-05-02 20:00:00,Sunny/clear,12.2,1013.5,41.0,1.3,22.0
3185451,shijingshan_meo,2018-05-02 20:00:00,Sunny/clear,12.5,1009.9,32.0,1.6,315.0
3185452,fengtai_meo,2018-05-02 20:00:00,Sunny/clear,13.4,1010.9,38.0,1.9,294.0
3185453,daxing_meo,2018-05-02 20:00:00,Sunny/clear,9.8,1012.7,55.0,1.0,310.0
3185454,fangshan_meo,2018-05-02 20:00:00,Sunny/clear,10.2,1011.6,41.0,1.2,333.0
3185455,xiayunling_meo,2018-05-02 20:00:00,Sunny/clear,6.3,970.4,76.0,1.1,202.0
3186971,shunyi_meo,2018-05-02 21:00:00,Sunny/clear,10.2,1014.4,52.0,1.5,32.0
3186972,hadian_meo,2018-05-02 21:00:00,Sunny/clear,12.1,1012.2,42.0,0.8,29.0
3186973,yanqing_meo,2018-05-02 21:00:00,Sunny/clear,5.3,961.7,72.0,0.4,59.0
3186974,miyun_meo,2018-05-02 21:00:00,Sunny/clear,5.8,1009.6,81.0,0.9,149.0
3186975,huairou_meo,2018-05-02 21:00:00,Sunny/clear,10.5,1008.9,46.0,2.3,71.0
3186976,shangdianzi_meo,2018-05-02 21:00:00,Sunny/clear,6.9,983.5,58.0,3.6,40.0
3186977,pinggu_meo,2018-05-02 21:00:00,Sunny/clear,7.2,1013.9,74.0,0.3,64.0
3186978,tongzhou_meo,2018-05-02 21:00:00,Sunny/clear,7.8,1014.9,82.0,0.6,20.0
3186979,chaoyang_meo,2018-05-02 21:00:00,Sunny/clear,14.5,1013.4,31.0,1.6,293.0
3186980,pingchang_meo,2018-05-02 21:00:00,Sunny/clear,12.7,1009.1,36.0,1.6,356.0
3186981,zhaitang_meo,2018-05-02 21:00:00,Sunny/clear,3.9,967.3,77.0,0.9,157.0
3186982,mentougou_meo,2018-05-02 21:00:00,Sunny/clear,13.7,1007.6,35.0,2.8,353.0
3186983,beijing_meo,2018-05-02 21:00:00,Sunny/clear,15.0,1013.6,29.0,2.2,336.0
3186984,shijingshan_meo,2018-05-02 21:00:00,Sunny/clear,10.4,1010.2,43.0,0.5,182.0
3186985,fengtai_meo,2018-05-02 21:00:00,Sunny/clear,10.9,1011.2,53.0,0.6,285.0
3186986,daxing_meo,2018-05-02 21:00:00,Sunny/clear,7.9,1012.9,66.0,0.7,290.0
3186987,fangshan_meo,2018-05-02 21:00:00,Sunny/clear,7.8,1011.9,51.0,1.5,329.0
3186988,xiayunling_meo,2018-05-02 21:00:00,Sunny/clear,6.3,970.5,74.0,1.0,153.0
3188504,shunyi_meo,2018-05-02 22:00:00,Sunny/clear,11.3,1015.2,47.0,1.5,31.0
3188505,hadian_meo,2018-05-02 22:00:00,Sunny/clear,11.6,1012.8,42.0,1.1,15.0
3188506,yanqing_meo,2018-05-02 22:00:00,Sunny/clear,5.2,962.3,74.0,0.7,181.0
3188507,miyun_meo,2018-05-02 22:00:00,Sunny/clear,7.3,1010.2,76.0,0.5,176.0
3188508,huairou_meo,2018-05-02 22:00:00,Sunny/clear,9.8,1009.7,50.0,1.2,316.0
3188509,shangdianzi_meo,2018-05-02 22:00:00,Sunny/clear,7.4,984.0,56.0,4.4,57.0
3188510,pinggu_meo,2018-05-02 22:00:00,Sunny/clear,8.4,1014.6,73.0,0.7,91.0
3188511,tongzhou_meo,2018-05-02 22:00:00,Sunny/clear,9.5,1015.9,64.0,1.4,273.0
3188512,chaoyang_meo,2018-05-02 22:00:00,Sunny/clear,14.5,1014.4,31.0,2.7,46.0
3188513,pingchang_meo,2018-05-02 22:00:00,Sunny/clear,12.7,1009.8,34.0,1.6,2.0
3188514,zhaitang_meo,2018-05-02 22:00:00,Sunny/clear,4.4,968.0,76.0,0.9,247.0
3188515,mentougou_meo,2018-05-02 22:00:00,Sunny/clear,12.2,1008.1,42.0,2.3,335.0
3188516,beijing_meo,2018-05-02 22:00:00,Sunny/clear,15.7,1014.2,27.0,1.6,344.0
3188517,shijingshan_meo,2018-05-02 22:00:00,Sunny/clear,11.1,1010.7,45.0,0.7,162.0
3188518,fengtai_meo,2018-05-02 22:00:00,Sunny/clear,10.2,1011.7,60.0,0.8,340.0
3188519,daxing_meo,2018-05-02 22:00:00,Sunny/clear,8.6,1013.5,63.0,0.6,48.0
3188520,fangshan_meo,2018-05-02 22:00:00,Sunny/clear,9.3,1012.4,45.0,1.7,302.0
3188521,xiayunling_meo,2018-05-02 22:00:00,Sunny/clear,5.9,971.0,78.0,1.0,162.0
3190037,shunyi_meo,2018-05-02 23:00:00,Sunny/clear,13.7,1015.9,44.0,0.8,19.0
3190038,hadian_meo,2018-05-02 23:00:00,Sunny/clear,13.8,1013.5,36.0,1.2,28.0
3190039,yanqing_meo,2018-05-02 23:00:00,Sunny/clear,9.6,962.7,50.0,0.6,159.0
3190040,miyun_meo,2018-05-02 23:00:00,Sunny/clear,12.6,1010.9,53.0,1.4,37.0
3190041,huairou_meo,2018-05-02 23:00:00,Sunny/clear,13.0,1010.3,45.0,1.7,130.0
3190042,shangdianzi_meo,2018-05-02 23:00:00,Sunny/clear,10.0,984.6,45.0,4.3,56.0
3190043,pinggu_meo,2018-05-02 23:00:00,Sunny/clear,12.0,1015.3,55.0,0.9,113.0
3190044,tongzhou_meo,2018-05-02 23:00:00,Sunny/clear,14.1,1016.5,44.0,1.7,329.0
3190045,chaoyang_meo,2018-05-02 23:00:00,Sunny/clear,15.3,1015.2,32.0,1.3,27.0
3190046,pingchang_meo,2018-05-02 23:00:00,Sunny/clear,15.5,1010.4,27.0,1.2,2.0
3190047,zhaitang_meo,2018-05-02 23:00:00,Sunny/clear,9.0,968.3,57.0,3.3,157.0
3190048,mentougou_meo,2018-05-02 23:00:00,Sunny/clear,15.9,1008.8,32.0,2.3,35.0
3190049,beijing_meo,2018-05-02 23:00:00,Sunny/clear,16.2,1015.3,24.0,3.1,31.0
3190050,shijingshan_meo,2018-05-02 23:00:00,Sunny/clear,16.2,1011.3,25.0,1.7,18.0
3190051,fengtai_meo,2018-05-02 23:00:00,Sunny/clear,16.6,1012.5,29.0,1.0,284.0
3190052,daxing_meo,2018-05-02 23:00:00,Sunny/clear,16.3,1014.5,33.0,2.1,56.0
3190053,fangshan_meo,2018-05-02 23:00:00,Sunny/clear,14.4,1013.1,42.0,0.6,210.0
3190054,xiayunling_meo,2018-05-02 23:00:00,Sunny/clear,6.4,971.5,74.0,1.5,135.0
